species,method,genome_coverage,hic_coverage,grouping,order,orientation,accuracy,edit_distance,seconds,scaffold_count,scaffold_largest,scaffold_n50,reference_count,reference_largest,reference_n50
athaliana,3d_dna,100kb,1000x,0.8648402601582391,0.971688097670874,0.9708571266031121,0.9713026138699741,84.0,5083,47,26795173,19988909,7.0,30427671.0,23459830.0
athaliana,3d_dna,100kb,100x,0.737384573471158,0.9655262688129621,0.9650230153394441,0.964063775939989,108.0,1101,69,23408994,15296086,7.0,30427671.0,23459830.0
athaliana,3d_dna,100kb,10x,0.48428975031956806,0.632440159653457,0.5958051975506781,0.605284735509213,1261.0,520,727,67277026,67277026,7.0,30427671.0,23459830.0
athaliana,3d_dna,100kb,1x,0.025576174573318,0.01141420046624,0.011078079163558002,0.018055431990779,2555.0,258,2061,3125953,100000,7.0,30427671.0,23459830.0
athaliana,3d_dna,100kb,500x,0.865784190777621,0.9669670741150961,0.9659100187067511,0.9676084060166221,98.0,3009,61,26814308,19897845,7.0,30427671.0,23459830.0
athaliana,3d_dna,100kb,50x,0.591943828840056,0.9608716234325461,0.9602153125727371,0.9606619904640821,126.0,667,96,15181281,13851939,7.0,30427671.0,23459830.0
athaliana,3d_dna,100kb,5x,0.348428674164508,0.46099308107176706,0.425778028895454,0.429947605931187,2014.0,413,1180,16316239,5888994,7.0,30427671.0,23459830.0
athaliana,3d_dna,100x,100x,0.43413172156884905,0.107604274169055,0.059020340070564004,0.432800133858098,2458.0,5410,3455,8088688,136479,7.0,30427671.0,23459830.0
athaliana,3d_dna,10kb,100x,0.29426705208102605,0.25811225910795604,0.250322813472309,0.48792241115237406,12280.0,1579,11968,124010089,124010089,7.0,30427671.0,23459830.0
athaliana,3d_dna,10x,100x,0.33461409949256804,0.31795654597655104,0.23959516382598603,0.27454261094418503,2199.0,1028,1507,8897957,5646011,7.0,30427671.0,23459830.0
athaliana,3d_dna,1mb,100x,0.7348889577998591,0.915518592334929,0.9152309713461461,0.9179123781552501,61.0,1093,48,23431277,14547593,7.0,30427671.0,23459830.0
athaliana,3d_dna,20x,1000x,0.542007329103506,0.624380408457027,0.5450873799756301,0.592133334122903,1291.0,5189,783,14276869,12838973,7.0,30427671.0,23459830.0
athaliana,3d_dna,20x,100x,0.558278930065592,0.621580717198104,0.5340142976027981,0.5866439617379321,1353.0,1523,876,16947785,10323067,7.0,30427671.0,23459830.0
athaliana,3d_dna,20x,10x,0.443917270885596,0.33176651393781803,0.292559237305521,0.355181879333377,2499.0,1060,2113,11446496,5337353,7.0,30427671.0,23459830.0
athaliana,3d_dna,20x,1x,0.09136925833457,0.00020913035172200002,0.00020913035172200002,0.07082240134796701,2734.0,301,2958,2414528,65512,7.0,30427671.0,23459830.0
athaliana,3d_dna,20x,500x,0.411246982555724,0.6255743333796121,0.538156859004581,0.5912627920645981,1321.0,3872,814,57817897,13596211,7.0,30427671.0,23459830.0
athaliana,3d_dna,20x,50x,0.540938373157009,0.54811332119486,0.46350516347185805,0.5203291796448061,1555.0,1261,1081,18400054,12529204,7.0,30427671.0,23459830.0
athaliana,3d_dna,20x,5x,0.18879478396709,0.10456037090980601,0.080150705783015,0.153729868740747,3496.0,939,2960,5106231,333287,7.0,30427671.0,23459830.0
athaliana,3d_dna,30x,100x,0.45091167992236103,0.34812863336582905,0.20946011760041103,0.36474366512959105,2017.0,3029,1958,18532338,6748339,7.0,30427671.0,23459830.0
athaliana,3d_dna,40x,100x,0.39759174849182505,0.20770075199350702,0.123319536317865,0.37082041611924105,2401.0,4398,2956,15201803,192385,7.0,30427671.0,23459830.0
athaliana,3d_dna,500kb,100x,0.734315749269132,0.939312983849775,0.9368343923987331,0.9370169385617151,62.0,1006,45,23461900,15102995,7.0,30427671.0,23459830.0
athaliana,3d_dna,50kb,100x,0.5615460813855541,0.9695651823100291,0.9657800760711711,0.968020878955238,141.0,1176,86,47868317,19706663,7.0,30427671.0,23459830.0
athaliana,3d_dna,50x,100x,0.497868968449153,0.15321429592522,0.09573412080844301,0.40402829231500503,2419.0,4301,3366,18045368,137131,7.0,30427671.0,23459830.0
athaliana,3d_dna,60x,100x,0.48722238936739004,0.11719838789794301,0.067386810055371,0.40352025325198704,2434.0,5669,3442,21493051,133743,7.0,30427671.0,23459830.0
athaliana,3d_dna,70x,100x,0.482098649732827,0.113410827043273,0.07022397513490801,0.408855717883827,2416.0,5699,3588,11093173,131226,7.0,30427671.0,23459830.0
athaliana,3d_dna,80x,100x,0.46271529262687705,0.09349417891818901,0.059221676670857,0.397259822995561,2465.0,6693,3597,10759854,130000,7.0,30427671.0,23459830.0
athaliana,3d_dna,90x,100x,0.48048345284915606,0.085078730674151,0.048933481840245006,0.402734099708197,2334.0,6352,3460,16903784,132000,7.0,30427671.0,23459830.0
hsapiens,3d_dna,100kb,100x,0.45676985154432204,0.7509381124752501,0.743640941687521,0.7474389639768451,16866.0,138147,10477,116767324,50549548,25.0,248956422.0,156040895.0
hsapiens,3d_dna,100kb,10x,0.132607644571089,0.655461129123559,0.607038523229261,0.6195342249683751,28348.0,93957,16572,39311358,6131757,25.0,248956422.0,156040895.0
hsapiens,3d_dna,100kb,1x,0.00988088963858,0.008845214687673,0.0063040638027620005,0.017106738194919,55188.0,146665,45488,2955000,100000,25.0,248956422.0,156040895.0
hsapiens,3d_dna,100kb,50x,0.45120698432696904,0.8620525391414031,0.8547613624522201,0.8579297300390311,8830.0,78310,5753,96723223,43857394,25.0,248956422.0,156040895.0
hsapiens,3d_dna,100kb,5x,0.12410745758424101,0.22049577292983202,0.179700588242197,0.18921059719802802,73480.0,280236,44762,28554256,1812305,25.0,248956422.0,156040895.0
hsapiens,3d_dna,100x,100x,0.9562658113450141,0.215429138979355,0.18801650070047501,0.231013669437987,4185.0,162359,6406,234372642,141505419,25.0,248956422.0,156040895.0
hsapiens,3d_dna,10kb,100x,0.26338597663648,0.24201326064422501,0.23745714255460101,0.49002794139593203,295412.0,249824,294333,2974565401,2974565401,25.0,248956422.0,156040895.0
hsapiens,3d_dna,10x,100x,0.09469588585553801,0.123690198554618,0.064455332620245,0.08503372410228001,27435.0,65985,20419,29448681,349337,25.0,248956422.0,156040895.0
hsapiens,3d_dna,1mb,100x,0.45480541363583704,0.706594575044973,0.6786962402150241,0.6832618058119001,5711.0,87021,3345,137827693,75774304,25.0,248956422.0,156040895.0
hsapiens,3d_dna,20x,100x,0.650909624624987,0.5845047103737251,0.506691787047579,0.533360256295313,35023.0,198885,20628,135622356,45575222,25.0,248956422.0,156040895.0
hsapiens,3d_dna,30x,100x,0.811212641173183,0.7347944344779921,0.681577754345256,0.707567483005609,21742.0,164040,13814,162909000,100129480,25.0,248956422.0,156040895.0
hsapiens,3d_dna,30x,10x,0.17727688585731802,0.287029722545166,0.21310235797846203,0.236854984500762,55379.0,368205,35963,36951875,6678705,25.0,248956422.0,156040895.0
hsapiens,3d_dna,30x,1x,0.019616689126175,0.000357544536229,0.00014806527744000002,0.015707407483436003,49738.0,21045,49172,3684494,85432,25.0,248956422.0,156040895.0
hsapiens,3d_dna,30x,50x,0.705004758159242,0.7150668932538541,0.647175248864982,0.6792815745816021,23211.0,153507,14644,161869094,62312538,25.0,248956422.0,156040895.0
hsapiens,3d_dna,30x,5x,0.057076707870872004,0.069660590668337,0.042389908807009005,0.060041652128115006,78356.0,257001,56076,10860000,267500,25.0,248956422.0,156040895.0
hsapiens,3d_dna,40x,100x,0.8710983239621991,0.7744465632996971,0.7278395094295891,0.7612297839979271,8438.0,113065,7609,212565010,124907596,25.0,248956422.0,156040895.0
hsapiens,3d_dna,500kb,100x,0.48902773179927006,0.7686447205416831,0.7441593015995901,0.7494440336889481,6364.0,91421,3764,125698127,49846124,25.0,248956422.0,156040895.0
hsapiens,3d_dna,50kb,100x,0.41203855802153905,0.834848391472628,0.8317060184653781,0.833866975127565,16425.0,166101,11093,192469115,67076223,25.0,248956422.0,156040895.0
hsapiens,3d_dna,50x,100x,0.8042324353429451,0.669332496328736,0.62944712458364,0.6638256574449001,6199.0,155883,7661,193731912,122123190,25.0,248956422.0,156040895.0
hsapiens,3d_dna,60x,100x,0.945464422401981,0.635231247579065,0.5962418141592251,0.6316524971645681,5755.0,159622,8157,234514209,141472462,25.0,248956422.0,156040895.0
hsapiens,3d_dna,70x,100x,0.8858193637707651,0.45166719805158406,0.41860866255877704,0.461115184083194,4720.0,167100,8968,234133074,129292114,25.0,248956422.0,156040895.0
hsapiens,3d_dna,80x,100x,0.9008055650465371,0.33298269580544104,0.292471480453805,0.332735368162122,4929.0,148850,8143,234375939,129894455,25.0,248956422.0,156040895.0
hsapiens,3d_dna,90x,100x,0.8350789232678991,0.260148639273591,0.171631457441787,0.235907643439898,5405.0,179481,7741,193950198,108948668,25.0,248956422.0,156040895.0
ltarentolae,3d_dna,100kb,1000x,0.211666813256002,0.884431342466501,0.884431342466501,0.8636275124572621,111.0,2345,71,22239688,22239688,37.0,2677755.0,1086296.0
ltarentolae,3d_dna,100kb,100x,0.20828415402930503,0.8476284349706481,0.8476284349706481,0.852472058999818,128.0,566,99,9812780,7730220,37.0,2677755.0,1086296.0
ltarentolae,3d_dna,100kb,10x,0.306404684790829,0.7474509211571501,0.7316148010454541,0.7374903789093711,224.0,148,170,8637885,5566839,37.0,2677755.0,1086296.0
ltarentolae,3d_dna,100kb,1x,0.11850983869550001,0.021140042741842002,0.016949882979709,0.073482696249534,690.0,116,541,3036904,100000,37.0,2677755.0,1086296.0
ltarentolae,3d_dna,100kb,500x,0.23886924773311602,0.8853726906381311,0.8837794865812441,0.864593601376977,103.0,1680,73,9021396,8703863,37.0,2677755.0,1086296.0
ltarentolae,3d_dna,100kb,50x,0.08698692287714001,0.84364480241768,0.84364480241768,0.847353683781892,133.0,346,105,21790223,21790223,37.0,2677755.0,1086296.0
ltarentolae,3d_dna,100kb,5x,0.320498992264641,0.378372236888916,0.320273056286071,0.335437883712895,623.0,174,385,7731000,3144385,37.0,2677755.0,1086296.0
ltarentolae,3d_dna,100x,100x,0.14194872524878402,0.5368119159746101,0.519180157206492,0.539340000140471,155.0,549,249,14646008,14623615,37.0,2677755.0,1086296.0
ltarentolae,3d_dna,10kb,100x,0.25945686808261603,0.291630482479104,0.28547163469589804,0.48944843395476106,3324.0,343,3242,33503846,33503846,37.0,2677755.0,1086296.0
ltarentolae,3d_dna,10x,100x,0.31989119985782005,0.13468085113095102,0.063573768247297,0.379229470691813,552.0,72,458,877675,270473,37.0,2677755.0,1086296.0
ltarentolae,3d_dna,1mb,100x,0.225852146087471,0.302511666365173,0.30015024126627304,0.38196248805693805,92.0,535,80,12863914,5733064,37.0,2677755.0,1086296.0
ltarentolae,3d_dna,20x,100x,0.074445239208055,0.18836061815951602,0.159303022215485,0.200846745488578,1152.0,348,955,10253000,10253000,37.0,2677755.0,1086296.0
ltarentolae,3d_dna,30x,100x,0.06295118657462401,0.46310346856739804,0.42318076454115405,0.45336274849136204,729.0,465,541,22543865,22543865,37.0,2677755.0,1086296.0
ltarentolae,3d_dna,40x,100x,0.063587256493389,0.469572691531405,0.42173409618336904,0.44986771763424005,750.0,591,545,22211421,22211421,37.0,2677755.0,1086296.0
ltarentolae,3d_dna,500kb,100x,0.043471016549559004,0.606094818724437,0.606094818724437,0.614074086532856,95.0,579,74,31521602,31521602,37.0,2677755.0,1086296.0
ltarentolae,3d_dna,50kb,100x,0.136799288644386,0.887843669692237,0.878877333726592,0.8795659160030801,169.0,636,121,20910194,20910194,37.0,2677755.0,1086296.0
ltarentolae,3d_dna,50x,1000x,0.09024682027446801,0.6124279980678371,0.564709828537857,0.542673912331454,352.0,2498,264,17982500,17982500,37.0,2677755.0,1086296.0
ltarentolae,3d_dna,50x,100x,0.136916160051373,0.570611760847177,0.5026855199464171,0.5314073366080131,377.0,629,295,14186852,7626595,37.0,2677755.0,1086296.0
ltarentolae,3d_dna,50x,10x,0.262769752797029,0.40118917208973004,0.303971486834199,0.38884096630532905,579.0,218,460,8279647,4035302,37.0,2677755.0,1086296.0
ltarentolae,3d_dna,50x,1x,0.17596150549053902,0.000631930196933,0.000631930196933,0.09303736919620101,861.0,82,818,3473002,68293,37.0,2677755.0,1086296.0
ltarentolae,3d_dna,50x,500x,0.131362703451327,0.618697600282828,0.5550961380524401,0.569342344911264,351.0,1704,271,14768000,10314647,37.0,2677755.0,1086296.0
ltarentolae,3d_dna,50x,50x,0.110434560801644,0.546583072222232,0.49533722292973104,0.513051082561242,387.0,369,307,22116879,22116879,37.0,2677755.0,1086296.0
ltarentolae,3d_dna,50x,5x,0.34577750052676803,0.193910790528796,0.126039000715212,0.195309158776028,861.0,154,664,7441163,1345039,37.0,2677755.0,1086296.0
ltarentolae,3d_dna,60x,100x,0.12906389621650702,0.6263678605459411,0.5695846999769161,0.60194435048254,180.0,495,201,23992813,23992813,37.0,2677755.0,1086296.0
ltarentolae,3d_dna,70x,100x,0.10545989305598401,0.538196467987462,0.48309375771512203,0.5258597709981131,496.0,478,403,21507947,21507947,37.0,2677755.0,1086296.0
ltarentolae,3d_dna,80x,100x,0.10699776410975001,0.5640110296230211,0.534794458765627,0.567974661543727,299.0,555,277,20924625,20924625,37.0,2677755.0,1086296.0
ltarentolae,3d_dna,90x,100x,0.11852173116990102,0.633490539101212,0.6010439297937771,0.620771606023334,180.0,568,241,15861921,14058000,37.0,2677755.0,1086296.0
scerevisiae,3d_dna,100kb,1000x,0.07516658347067001,0.935315767695116,0.935315767695116,0.902509314511966,21.0,735,15,12060720,12060720,17.0,1531933.0,924431.0
scerevisiae,3d_dna,100kb,100x,0.22938570008001802,0.8897454401906291,0.8897454401906291,0.8929873107125421,33.0,164,33,5215162,4126660,17.0,1531933.0,924431.0
scerevisiae,3d_dna,100kb,10x,0.29963618134936304,0.85797825807044,0.85797825807044,0.8559774716102231,41.0,77,41,4102277,3226166,17.0,1531933.0,924431.0
scerevisiae,3d_dna,100kb,1x,0.133571036994397,0.018155976536647002,0.018155976536647002,0.085877188689247,305.0,64,227,3004095,100000,17.0,1531933.0,924431.0
scerevisiae,3d_dna,100kb,500x,0.15538613559692702,0.9430660543804601,0.9430660543804601,0.9022335909741671,21.0,457,16,8003232,8003232,17.0,1531933.0,924431.0
scerevisiae,3d_dna,100kb,50x,0.14745450156557202,0.877353033319847,0.877353033319847,0.88088459382394,34.0,109,35,7079099,7079099,17.0,1531933.0,924431.0
scerevisiae,3d_dna,100kb,5x,0.28301781331770504,0.758258662445767,0.758258662445767,0.7648003369223181,75.0,66,65,5029207,3148921,17.0,1531933.0,924431.0
scerevisiae,3d_dna,100x,100x,0.159858022484813,0.016010430240365,0.016010430240365,0.156433699128723,30.0,159,48,8901500,8901500,17.0,1531933.0,924431.0
scerevisiae,3d_dna,10kb,100x,0.27958254923616305,0.288502972441597,0.28767046651509204,0.5129521139897071,1188.0,120,1226,12693698,12693698,17.0,1531933.0,924431.0
scerevisiae,3d_dna,10x,100x,0.117789863604254,0.283390898094648,0.23999389453031203,0.275810056749344,333.0,92,224,3280000,1666948,17.0,1531933.0,924431.0
scerevisiae,3d_dna,1mb,100x,0.150923996101389,0.226491591277301,0.226491591277301,0.281811788250574,28.0,191,28,6644685,6644685,17.0,1531933.0,924431.0
scerevisiae,3d_dna,20x,1000x,0.14721830727746502,0.7024375308737121,0.6729512680417871,0.674413005663795,51.0,744,41,7272244,7272244,17.0,1531933.0,924431.0
scerevisiae,3d_dna,20x,100x,0.16583041576683302,0.6608551339390131,0.6259534734010731,0.666866032801088,58.0,177,55,7038475,7038475,17.0,1531933.0,924431.0
scerevisiae,3d_dna,20x,10x,0.21864899082787,0.625024098592958,0.5782762686202361,0.620505161463894,71.0,82,70,8736640,8736640,17.0,1531933.0,924431.0
scerevisiae,3d_dna,20x,1x,0.16385356763553802,0.008882018836081002,0.008882018836081002,0.085811743786648,286.0,62,225,2982946,88151,17.0,1531933.0,924431.0
scerevisiae,3d_dna,20x,500x,0.156886165519725,0.7283538202216171,0.6909166130438571,0.709064167284841,49.0,514,41,6265650,6265650,17.0,1531933.0,924431.0
scerevisiae,3d_dna,20x,50x,0.16978900015848,0.65498976459108,0.6069793003145121,0.6387131517914211,63.0,145,57,7238656,7238656,17.0,1531933.0,924431.0
scerevisiae,3d_dna,20x,5x,0.31267209553025305,0.44367891528055703,0.39481348100734004,0.42575878890927304,112.0,79,95,5790171,3103943,17.0,1531933.0,924431.0
scerevisiae,3d_dna,30x,100x,0.176566476444096,0.36334836835660506,0.36334836835660506,0.40337142396901504,34.0,196,52,7431391,7431391,17.0,1531933.0,924431.0
scerevisiae,3d_dna,40x,100x,0.219711208340048,0.320184425308344,0.310880769532404,0.40087794136791705,34.0,191,40,5407764,4423000,17.0,1531933.0,924431.0
scerevisiae,3d_dna,500kb,100x,0.15764857942367502,0.583200887377478,0.583200887377478,0.592013805918432,29.0,165,30,8652000,8652000,17.0,1531933.0,924431.0
scerevisiae,3d_dna,50kb,100x,0.14907152908933702,0.9336214527620921,0.9300198753357041,0.9281771852756061,33.0,161,32,6402500,6402500,17.0,1531933.0,924431.0
scerevisiae,3d_dna,50x,100x,0.167191457812012,0.17766601455157302,0.17766601455157302,0.222097390086808,41.0,193,51,8352600,8352600,17.0,1531933.0,924431.0
scerevisiae,3d_dna,60x,100x,0.15437214514302403,0.049574126402174006,0.049574126402174006,0.14559501197584002,35.0,159,38,6955248,6955248,17.0,1531933.0,924431.0
scerevisiae,3d_dna,70x,100x,0.148239980489195,0.127448598584773,0.11749082790963901,0.253133930888547,35.0,186,44,8964928,8964928,17.0,1531933.0,924431.0
scerevisiae,3d_dna,80x,100x,0.20053192952186902,0.047558935263664004,0.047558935263664004,0.15030987572355,40.0,196,58,9276500,9276500,17.0,1531933.0,924431.0
scerevisiae,3d_dna,90x,100x,0.15917666736651,0.04799273524684,0.04799273524684,0.11858304240895201,35.0,158,47,7306000,7306000,17.0,1531933.0,924431.0
athaliana,allhic,100kb,1000x,0.9936428027272921,0.9891544866136781,0.9891544866136781,0.990879171118022,19.0,888,5,30357971,23182930,7.0,30427671.0,23459830.0
athaliana,allhic,100kb,100x,0.9928034216441631,0.988707354965587,0.988707354965587,0.9900140955618131,22.0,503,5,30458071,23182930,7.0,30427671.0,23459830.0
athaliana,allhic,100kb,10x,0.9935887763098121,0.986978466840786,0.982722499988334,0.9844958479864271,27.0,478,5,30357971,22782530,7.0,30427671.0,23459830.0
athaliana,allhic,100kb,1x,0.8300914299761251,0.772815642305382,0.6764409381765161,0.7309323204703211,301.0,498,5,30496497,28756371,7.0,30427671.0,23459830.0
athaliana,allhic,100kb,500x,0.9927974174909591,0.985891492817739,0.985891492817739,0.9882259851790991,23.0,679,5,30357971,23182930,7.0,30427671.0,23459830.0
athaliana,allhic,100kb,50x,0.9928034216441631,0.988707354965587,0.988707354965587,0.9900140955618131,22.0,524,5,30458071,23182930,7.0,30427671.0,23459830.0
athaliana,allhic,100kb,5x,0.9936732046693291,0.987213388924382,0.980813630928787,0.9826102686307491,24.0,448,5,29857471,22382130,7.0,30427671.0,23459830.0
athaliana,allhic,100x,100x,0.41972123913941506,0.31397019331997,0.211326667076001,0.15605732224590801,2190.0,2844,5,65201548,51382036,7.0,30427671.0,23459830.0
athaliana,allhic,10kb,100x,0.980943108219368,0.866853374902901,0.8384722123106411,0.86682902241554,1574.0,122182,5,29893571,23290330,7.0,30427671.0,23459830.0
athaliana,allhic,10x,100x,0.8103903486571811,0.751248517054796,0.548395082124222,0.628706791576873,1060.0,3674,5,13073752,11456376,7.0,30427671.0,23459830.0
athaliana,allhic,1mb,100x,0.9935274225568331,0.9790280994887701,0.9790280994887701,0.970260261617873,10.0,93,5,30430671,21461930,7.0,30427671.0,23459830.0
athaliana,allhic,20x,1000x,0.7784307807484231,0.6201536864067481,0.504093286502575,0.515966392177102,1176.0,2875,5,27290524,24867685,7.0,30427671.0,23459830.0
athaliana,allhic,20x,100x,0.5230775845932001,0.6203126293894311,0.503617814840649,0.515824455231475,1233.0,3456,5,51977172,24689457,7.0,30427671.0,23459830.0
athaliana,allhic,20x,10x,0.47466085716419704,0.592989221483745,0.440460647243589,0.46141872585612104,1394.0,3136,5,33417351,29569472,7.0,30427671.0,23459830.0
athaliana,allhic,20x,1x,0.19058850572156702,0.44341371778861105,0.27198956190337004,0.29122856102501804,1167.0,5744,5,105004628,105004628,7.0,30427671.0,23459830.0
athaliana,allhic,20x,500x,0.7395587778857831,0.6300250581320951,0.5129069751862051,0.528907088061351,1174.0,3373,5,28329700,26007756,7.0,30427671.0,23459830.0
athaliana,allhic,20x,50x,0.6783682331656501,0.616870760866643,0.48609914994201603,0.506298069212696,1282.0,3511,5,38846103,28771810,7.0,30427671.0,23459830.0
athaliana,allhic,20x,5x,0.37089064843580805,0.5506472774130451,0.39614615456948804,0.42613523070290604,1451.0,3275,5,40741539,28624479,7.0,30427671.0,23459830.0
athaliana,allhic,30x,100x,0.6047441566606621,0.415761144743827,0.24009193201647402,0.226545361397671,1745.0,2332,5,41360348,31446281,7.0,30427671.0,23459830.0
athaliana,allhic,40x,100x,0.29533433316185104,0.365190850272673,0.21275447500608902,0.182980464888192,2146.0,6339,5,89848708,39204188,7.0,30427671.0,23459830.0
athaliana,allhic,500kb,100x,0.9927396242899531,0.993478079246859,0.993478079246859,0.989927013589283,11.0,107,5,30433671,22964330,7.0,30427671.0,23459830.0
athaliana,allhic,50kb,100x,0.9932897805061981,0.9790761319477501,0.9763271260685321,0.9796042388096401,63.0,2161,5,30338171,23361008,7.0,30427671.0,23459830.0
athaliana,allhic,50x,100x,0.382417278404852,0.34373948503852203,0.223152605344964,0.175402406698027,2261.0,5680,5,93114669,50689918,7.0,30427671.0,23459830.0
athaliana,allhic,60x,100x,0.315032682042413,0.31806469576379703,0.189572672411766,0.143071095891268,2309.0,5065,5,106250752,42950446,7.0,30427671.0,23459830.0
athaliana,allhic,70x,100x,0.409389495992922,0.32435804246093,0.21130865455078301,0.156361000201512,2445.0,4242,5,81027284,47930007,7.0,30427671.0,23459830.0
athaliana,allhic,80x,100x,0.37930235551225605,0.32818445798656204,0.20375206499376403,0.159143124367765,2330.0,3486,5,62694176,47123868,7.0,30427671.0,23459830.0
athaliana,allhic,90x,100x,0.38358907098306405,0.316342546559157,0.19500510594130602,0.14468681531632202,2293.0,4090,5,89216296,48331355,7.0,30427671.0,23459830.0
hsapiens,allhic,100kb,100x,0.9361342385041931,0.8960619286636441,0.890021092973668,0.906404128627552,2965.0,112247,23,239132329,157403173,25.0,248956422.0,156040895.0
hsapiens,allhic,100kb,10x,0.9220527252289821,0.901753922810498,0.8903722824629491,0.9113902934776701,2751.0,74371,23,235335000,156602373,25.0,248956422.0,156040895.0
hsapiens,allhic,100kb,1x,0.7814172032237341,0.613604049928362,0.439039481182792,0.5269233484119981,13355.0,101353,23,360460000,173495069,25.0,248956422.0,156040895.0
hsapiens,allhic,100kb,50x,0.9462602337536901,0.8944345514285821,0.8878456208456941,0.905693710345403,2978.0,89308,23,239332529,156502273,25.0,248956422.0,156040895.0
hsapiens,allhic,100kb,5x,0.9062603644561771,0.8565939585553961,0.8215868099800061,0.864483466237372,4043.0,75395,23,241734929,169969700,25.0,248956422.0,156040895.0
hsapiens,allhic,100x,100x,0.634708880928846,0.18085437195568202,0.119280460387367,0.17302781634844902,5703.0,8526,23,396937035,242545874,25.0,248956422.0,156040895.0
hsapiens,allhic,10kb,100x,,,,,,1448,,,,25.0,248956422.0,156040895.0
hsapiens,allhic,10x,100x,0.168569509888015,0.45597452504913005,0.20708272318245102,0.260150842404416,19068.0,122742,23,44719660,21446394,25.0,248956422.0,156040895.0
hsapiens,allhic,1mb,100x,0.968299483782814,0.979985702124986,0.9789705163808251,0.97512681430131,215.0,3822,23,241217629,159361873,25.0,248956422.0,156040895.0
hsapiens,allhic,20x,100x,,,,,,755349,23,148739341,98193691,25.0,248956422.0,156040895.0
hsapiens,allhic,30x,100x,0.905807245843624,0.748410050697996,0.6838964508063511,0.745366665703844,15486.0,250472,23,194456087,128720422,25.0,248956422.0,156040895.0
hsapiens,allhic,30x,10x,,,,,,,,,,25.0,248956422.0,156040895.0
hsapiens,allhic,30x,1x,,,,,,,,,,25.0,248956422.0,156040895.0
hsapiens,allhic,30x,50x,0.8473105903129741,0.7286364850965631,0.6516844260208481,0.722248185508726,16902.0,236264,23,202197447,143540203,25.0,248956422.0,156040895.0
hsapiens,allhic,30x,5x,,,,,,,,,,25.0,248956422.0,156040895.0
hsapiens,allhic,40x,100x,0.7105500427632091,0.626303090740642,0.5900611798063641,0.610095346321415,8216.0,51060,23,215099689,156259130,25.0,248956422.0,156040895.0
hsapiens,allhic,500kb,100x,0.9706258932252381,0.971926841500315,0.9685533522486651,0.9667180790934131,349.0,7845,23,239241329,159877873,25.0,248956422.0,156040895.0
hsapiens,allhic,50kb,100x,0.9408868247508541,0.808222691192075,0.8006421101396161,0.8342085962043481,9925.0,428567,23,238175300,156007273,25.0,248956422.0,156040895.0
hsapiens,allhic,50x,100x,0.6203127779684411,0.37232293676127004,0.33759108772859003,0.34564247245287705,7943.0,25127,23,250708318,150096586,25.0,248956422.0,156040895.0
hsapiens,allhic,60x,100x,0.479425701287975,0.32493955693815,0.286643300634757,0.29250306319193803,8151.0,21531,23,254057800,160840651,25.0,248956422.0,156040895.0
hsapiens,allhic,70x,100x,0.583427999293333,0.183102777888407,0.13528337075442,0.139007862219374,8680.0,18473,23,358901432,184290521,25.0,248956422.0,156040895.0
hsapiens,allhic,80x,100x,0.5485271500930591,0.16693689569737602,0.120044607420814,0.12443167438808402,7491.0,14854,23,597865399,176768348,25.0,248956422.0,156040895.0
hsapiens,allhic,90x,100x,0.694807383934085,0.19758749189107702,0.129636671384377,0.18175898980385802,5684.0,10640,23,403321344,170933241,25.0,248956422.0,156040895.0
ltarentolae,allhic,100kb,1000x,0.9390368632126931,0.9840951524708411,0.9760545951241111,0.972263007269042,20.0,619,36,1842903,1000900,37.0,2677755.0,1086296.0
ltarentolae,allhic,100kb,100x,0.9482185462936681,0.9874996365713221,0.9794590792245921,0.9757854822788831,19.0,397,36,1955569,1000900,37.0,2677755.0,1086296.0
ltarentolae,allhic,100kb,10x,0.9127510695123561,0.980624722035294,0.9702494454711941,0.964597786011787,23.0,418,36,1955569,876826,37.0,2677755.0,1086296.0
ltarentolae,allhic,100kb,1x,0.8686682170224941,0.9117246202455961,0.7838673849691551,0.820643641698053,68.0,376,36,1689034,1000900,37.0,2677755.0,1086296.0
ltarentolae,allhic,100kb,500x,0.9482466269450751,0.9875245687239291,0.9795000483831591,0.97778803948347,18.0,526,36,1955569,1000900,37.0,2677755.0,1086296.0
ltarentolae,allhic,100kb,50x,0.938598113933485,0.9874996365713221,0.9828635633250721,0.9793561864552671,18.0,408,36,1955569,1000900,37.0,2677755.0,1086296.0
ltarentolae,allhic,100kb,5x,0.9026839078033211,0.9792022555876101,0.969935851565176,0.9649949591090631,23.0,362,36,2055669,886818,37.0,2677755.0,1086296.0
ltarentolae,allhic,100x,100x,0.871799672148141,0.6687859552256451,0.6220286804816291,0.5862629954485921,209.0,416,36,2683345,922157,37.0,2677755.0,1086296.0
ltarentolae,allhic,10kb,100x,0.9469122047468671,0.9621145237597041,0.939548920533074,0.9506582215556021,179.0,849,36,1929000,1020000,37.0,2677755.0,1086296.0
ltarentolae,allhic,10x,100x,0.585890728497633,0.6823979967445061,0.29448641022803,0.42047138325863104,280.0,374,36,372060,112184,37.0,2677755.0,1086296.0
ltarentolae,allhic,1mb,100x,0.036341685516650006,0.9997324688569211,0.9997324688569211,0.37612628009807403,43.0,25,1,32231425,32231425,37.0,2677755.0,1086296.0
ltarentolae,allhic,20x,100x,0.8817467111899651,0.8808928820241071,0.6097977453992091,0.7307206009297481,444.0,517,36,1285746,612743,37.0,2677755.0,1086296.0
ltarentolae,allhic,30x,100x,0.861479823240988,0.8901725739538381,0.7948686104004421,0.8394194727522091,224.0,476,36,1764395,850074,37.0,2677755.0,1086296.0
ltarentolae,allhic,40x,100x,0.9535179585605751,0.8999300143692911,0.77551878880872,0.8343419148555731,229.0,492,36,2264203,1136883,37.0,2677755.0,1086296.0
ltarentolae,allhic,500kb,100x,0.036341685516650006,0.9998471748649601,0.9998471748649601,0.639715505246165,43.0,33,1,32234925,32234925,37.0,2677755.0,1086296.0
ltarentolae,allhic,50kb,100x,0.946224871637901,0.9776990143781981,0.9703559839460881,0.9752909320895791,31.0,455,36,1903700,1001900,37.0,2677755.0,1086296.0
ltarentolae,allhic,50x,1000x,0.8378686214366741,0.8324221864393531,0.770088709446858,0.74938747950002,181.0,594,36,1648209,997065,37.0,2677755.0,1086296.0
ltarentolae,allhic,50x,100x,0.8019183772460221,0.856465502973885,0.766316046327917,0.7637020995003571,183.0,427,36,1845458,816927,37.0,2677755.0,1086296.0
ltarentolae,allhic,50x,10x,0.763528477702294,0.792224780378811,0.619037187277324,0.652746898580515,270.0,392,36,3705477,1167812,37.0,2677755.0,1086296.0
ltarentolae,allhic,50x,1x,0.5810048300790921,0.5647603299157631,0.252005465953517,0.36330328594336503,256.0,349,36,1777865,1199501,37.0,2677755.0,1086296.0
ltarentolae,allhic,50x,500x,0.825558473444812,0.8450031349164561,0.772364504745187,0.7327496285799621,180.0,492,36,1648209,997065,37.0,2677755.0,1086296.0
ltarentolae,allhic,50x,50x,0.725663791145706,0.828289092607402,0.713077003073992,0.7379872894387141,206.0,395,36,2040887,829074,37.0,2677755.0,1086296.0
ltarentolae,allhic,50x,5x,0.7721671906243961,0.737541882693725,0.5245007483134201,0.562358370313438,313.0,390,36,2264009,1355304,37.0,2677755.0,1086296.0
ltarentolae,allhic,60x,100x,0.88596505220608,0.812607314925037,0.720646784964031,0.709617772033822,158.0,405,36,2643076,847945,37.0,2677755.0,1086296.0
ltarentolae,allhic,70x,100x,0.8362643065178471,0.858324775948593,0.780525235263642,0.768053167782591,231.0,451,36,1827971,878760,37.0,2677755.0,1086296.0
ltarentolae,allhic,80x,100x,0.854467142189897,0.797538868226905,0.750804538334487,0.759391906189108,184.0,391,36,2026047,1016498,37.0,2677755.0,1086296.0
ltarentolae,allhic,90x,100x,0.8188938573048631,0.764904362266091,0.7163253071594711,0.676437340091913,196.0,383,36,2655879,1060135,37.0,2677755.0,1086296.0
scerevisiae,allhic,100kb,1000x,0.8189569337846141,0.9515637443100361,0.9515637443100361,0.943897574729148,9.0,226,16,1092291,800700,17.0,1531933.0,924431.0
scerevisiae,allhic,100kb,100x,0.8374781187443691,0.960929361425064,0.960929361425064,0.9522624814027211,8.0,182,16,1092291,793661,17.0,1531933.0,924431.0
scerevisiae,allhic,100kb,10x,0.9240330788591681,0.9702949785400931,0.9702949785400931,0.9652301361488941,6.0,176,16,1533433,800700,17.0,1531933.0,924431.0
scerevisiae,allhic,100kb,1x,0.657785444422679,0.830025797213878,0.812855439953962,0.7826386551757041,31.0,174,16,1295199,800700,17.0,1531933.0,924431.0
scerevisiae,allhic,100kb,500x,0.8361592729035611,0.9605050989697541,0.9605050989697541,0.9493693947805991,8.0,203,16,1105224,800700,17.0,1531933.0,924431.0
scerevisiae,allhic,100kb,50x,0.854680457863316,0.969870716084782,0.969870716084782,0.957734301454172,7.0,156,16,1105224,793661,17.0,1531933.0,924431.0
scerevisiae,allhic,100kb,5x,0.6424012451950191,0.904735658734894,0.904735658734894,0.885479737734817,17.0,167,16,1116822,796628,17.0,1531933.0,924431.0
scerevisiae,allhic,100x,100x,0.07098057631751101,1.0,1.0,0.014786977931992,30.0,18,1,12589918,12589918,17.0,1531933.0,924431.0
scerevisiae,allhic,10kb,100x,0.8312562089656841,0.9616550189388391,0.9532268003696781,0.951568215489425,62.0,309,16,1100800,777600,17.0,1531933.0,924431.0
scerevisiae,allhic,10x,100x,0.7028619825018491,0.9143539295844301,0.8287156462515841,0.870171708363873,63.0,192,16,809436,501564,17.0,1531933.0,924431.0
scerevisiae,allhic,1mb,100x,0.07440994380037401,0.775020809245418,0.775020809245418,0.232877399676979,17.0,19,1,12159105,12159105,17.0,1531933.0,924431.0
scerevisiae,allhic,20x,1000x,0.8626182501246931,0.9404793871175771,0.9404793871175771,0.936792133320772,20.0,195,16,1504419,819446,17.0,1531933.0,924431.0
scerevisiae,allhic,20x,100x,0.7278015936634361,0.8026619376085511,0.7811830198288251,0.801606671424925,26.0,181,16,1148203,904464,17.0,1531933.0,924431.0
scerevisiae,allhic,20x,10x,0.6902929103571751,0.853600396464761,0.8319109537164421,0.8109431215749281,22.0,156,16,1628201,835747,17.0,1531933.0,924431.0
scerevisiae,allhic,20x,1x,0.38115101114945604,0.559763482636585,0.45712631651232205,0.5264279343923081,51.0,154,16,1835186,780545,17.0,1531933.0,924431.0
scerevisiae,allhic,20x,500x,0.798291412833327,0.920273077015458,0.9168079501232,0.9070218498028171,21.0,171,16,1504419,897138,17.0,1531933.0,924431.0
scerevisiae,allhic,20x,50x,0.72410242227691,0.8554560600913551,0.821586315212103,0.8526556381523721,22.0,155,16,1534862,839191,17.0,1531933.0,924431.0
scerevisiae,allhic,20x,5x,0.656024604528465,0.8008809486720061,0.7400672294111741,0.7639918511324361,36.0,153,16,1787416,904464,17.0,1531933.0,924431.0
scerevisiae,allhic,30x,100x,0.07165657461559401,0.791038388041401,0.7304059000580451,0.32593187445250105,39.0,21,1,12445878,12445878,17.0,1531933.0,924431.0
scerevisiae,allhic,40x,100x,0.07349281558092101,0.740810729356929,0.740810729356929,0.31263293677908904,23.0,19,1,12355136,12355136,17.0,1531933.0,924431.0
scerevisiae,allhic,500kb,100x,0.07440994380037401,0.9248935685536581,0.9248935685536581,0.545463126295281,17.0,17,1,12160405,12160405,17.0,1531933.0,924431.0
scerevisiae,allhic,50kb,100x,0.777029948902983,0.9733075160717781,0.9733075160717781,0.9599683240889031,12.0,172,16,1106324,801500,17.0,1531933.0,924431.0
scerevisiae,allhic,50x,100x,0.07130774173069601,0.564195952494691,0.52629762306326,0.16814108993781002,35.0,19,1,12531345,12531345,17.0,1531933.0,924431.0
scerevisiae,allhic,60x,100x,0.07391203429751901,1.0,1.0,0.168794670582489,19.0,18,1,12302481,12302481,17.0,1531933.0,924431.0
scerevisiae,allhic,70x,100x,0.071218031644348,0.665438035540949,0.665438035540949,0.10702098097538501,30.0,20,1,12526550,12526550,17.0,1531933.0,924431.0
scerevisiae,allhic,80x,100x,0.068500386862544,0.381555133239085,0.312966687681878,0.044667053145611,43.0,21,1,12758968,12758968,17.0,1531933.0,924431.0
scerevisiae,allhic,90x,100x,0.070888438484578,0.255771888412662,0.255771888412662,0.049049659413762006,32.0,18,1,12557636,12557636,17.0,1531933.0,924431.0
athaliana,baseline,100kb,1000x,0.006081657814569001,0.012284912738868002,0.012284912738868002,0.016864346129938,1200.0,,1199,100000,100000,7.0,30427671.0,23459830.0
athaliana,baseline,100kb,100x,0.006081657814569001,0.012284912738868002,0.012284912738868002,0.016864346129938,1200.0,,1199,100000,100000,7.0,30427671.0,23459830.0
athaliana,baseline,100kb,10x,0.006081657814569001,0.012284912738868002,0.012284912738868002,0.016864346129938,1200.0,,1199,100000,100000,7.0,30427671.0,23459830.0
athaliana,baseline,100kb,1x,0.006081657814569001,0.012284912738868002,0.012284912738868002,0.016864346129938,1200.0,,1199,100000,100000,7.0,30427671.0,23459830.0
athaliana,baseline,100kb,500x,0.006081657814569001,0.012284912738868002,0.012284912738868002,0.016864346129938,1200.0,,1199,100000,100000,7.0,30427671.0,23459830.0
athaliana,baseline,100kb,50x,0.006081657814569001,0.012284912738868002,0.012284912738868002,0.016864346129938,1200.0,,1199,100000,100000,7.0,30427671.0,23459830.0
athaliana,baseline,100kb,5x,0.006081657814569001,0.012284912738868002,0.012284912738868002,0.016864346129938,1200.0,,1199,100000,100000,7.0,30427671.0,23459830.0
athaliana,baseline,100x,100x,0.346440932109762,0.0,0.0,0.311998642223136,1077.0,,2595,2312525,186445,7.0,30427671.0,23459830.0
athaliana,baseline,10kb,100x,0.0035954935377780005,0.0021799108966600003,0.0021799108966600003,0.006002737293400001,11918.0,,11969,10000,10000,7.0,30427671.0,23459830.0
athaliana,baseline,10x,100x,0.039847948014926006,0.0,0.0,0.028803791888878,2513.0,,2569,377925,24823,7.0,30427671.0,23459830.0
athaliana,baseline,1mb,100x,0.046241168319519,0.073479651890041,0.073479651890041,0.105296883681936,125.0,,123,1000000,1000000,7.0,30427671.0,23459830.0
athaliana,baseline,20x,1000x,0.091635532970036,0.0,0.0,0.071920183193867,1969.0,,2338,615667,86731,7.0,30427671.0,23459830.0
athaliana,baseline,20x,100x,0.091635532970036,0.0,0.0,0.071920183193867,1969.0,,2338,615667,86731,7.0,30427671.0,23459830.0
athaliana,baseline,20x,10x,0.091635532970036,0.0,0.0,0.071920183193867,1969.0,,2338,615667,86731,7.0,30427671.0,23459830.0
athaliana,baseline,20x,1x,0.091635532970036,0.0,0.0,0.071920183193867,1969.0,,2338,615667,86731,7.0,30427671.0,23459830.0
athaliana,baseline,20x,500x,0.091635532970036,0.0,0.0,0.071920183193867,1969.0,,2338,615667,86731,7.0,30427671.0,23459830.0
athaliana,baseline,20x,50x,0.091635532970036,0.0,0.0,0.071920183193867,1969.0,,2338,615667,86731,7.0,30427671.0,23459830.0
athaliana,baseline,20x,5x,0.091635532970036,0.0,0.0,0.071920183193867,1969.0,,2338,615667,86731,7.0,30427671.0,23459830.0
athaliana,baseline,30x,100x,0.192785404065514,0.0,0.0,0.15930243788502402,1430.0,,2310,1601449,159879,7.0,30427671.0,23459830.0
athaliana,baseline,40x,100x,0.283620303424896,0.0,0.0,0.22323280087286,1358.0,,2620,3491393,147845,7.0,30427671.0,23459830.0
athaliana,baseline,500kb,100x,0.025340739066163003,0.044015326507365005,0.044015326507365005,0.062860437289023,244.0,,242,500000,500000,7.0,30427671.0,23459830.0
athaliana,baseline,50kb,100x,0.0030298426694010004,0.007328253351257001,0.007328253351257001,0.010156797214398001,2395.0,,2397,50000,50000,7.0,30427671.0,23459830.0
athaliana,baseline,50x,100x,0.31041346274639603,0.0,0.0,0.27398322653565305,1286.0,,2731,2623040,149418,7.0,30427671.0,23459830.0
athaliana,baseline,60x,100x,0.330091243749497,0.0,0.0,0.29535762275442,1181.0,,2677,2184857,161138,7.0,30427671.0,23459830.0
athaliana,baseline,70x,100x,0.325993500799135,0.0,0.0,0.298922536124818,1249.0,,2877,1617290,140209,7.0,30427671.0,23459830.0
athaliana,baseline,80x,100x,0.32606367601962205,0.0,0.0,0.297156884338297,1214.0,,2774,1779369,149909,7.0,30427671.0,23459830.0
athaliana,baseline,90x,100x,0.34643743070981303,0.0,0.0,0.309237186619577,1124.0,,2681,2514410,164531,7.0,30427671.0,23459830.0
hsapiens,baseline,100kb,100x,0.00771448905243,0.0040288387020760005,0.0040288387020760005,0.011373334181424001,29348.0,,,,,25.0,248956422.0,156040895.0
hsapiens,baseline,100kb,10x,0.00771448905243,0.0040288387020760005,0.0040288387020760005,0.011373334181424001,29348.0,,,,,25.0,248956422.0,156040895.0
hsapiens,baseline,100kb,1x,0.00771448905243,0.0040288387020760005,0.0040288387020760005,0.011373334181424001,29348.0,,,,,25.0,248956422.0,156040895.0
hsapiens,baseline,100kb,50x,0.00771448905243,0.0040288387020760005,0.0040288387020760005,0.011373334181424001,29348.0,,,,,25.0,248956422.0,156040895.0
hsapiens,baseline,100kb,5x,0.00771448905243,0.0040288387020760005,0.0040288387020760005,0.011373334181424001,29348.0,,,,,25.0,248956422.0,156040895.0
hsapiens,baseline,100x,100x,0.25376636224083904,0.0,0.0,0.040884065524837004,3002.0,,,,,25.0,248956422.0,156040895.0
hsapiens,baseline,10kb,100x,0.008041745094621001,0.00045242468680000005,0.00045242468680000005,0.008573269035892,291643.0,,,,,25.0,248956422.0,156040895.0
hsapiens,baseline,10x,100x,,,,,,,,,,25.0,248956422.0,156040895.0
hsapiens,baseline,1mb,100x,0.012872845513276,0.029353583400362003,0.029353583400362003,0.037194124772197,3022.0,,,,,25.0,248956422.0,156040895.0
hsapiens,baseline,20x,100x,,,,,,,,,,25.0,248956422.0,156040895.0
hsapiens,baseline,30x,100x,0.020817006875402,0.0,0.0,0.014429908610491001,39460.0,,,,,25.0,248956422.0,156040895.0
hsapiens,baseline,30x,10x,0.020817006875402,0.0,0.0,0.014429908610491001,39460.0,,,,,25.0,248956422.0,156040895.0
hsapiens,baseline,30x,1x,0.020817006875402,0.0,0.0,0.014429908610491001,39460.0,,,,,25.0,248956422.0,156040895.0
hsapiens,baseline,30x,50x,0.020817006875402,0.0,0.0,0.014429908610491001,39460.0,,,,,25.0,248956422.0,156040895.0
hsapiens,baseline,30x,5x,0.020817006875402,0.0,0.0,0.014429908610491001,39460.0,,,,,25.0,248956422.0,156040895.0
hsapiens,baseline,40x,100x,0.051237916317351,0.0,0.0,0.022294406131644,15648.0,,,,,25.0,248956422.0,156040895.0
hsapiens,baseline,500kb,100x,0.009892533422445001,0.017955157826688002,0.017955157826688002,0.025710438322208002,5947.0,,,,,25.0,248956422.0,156040895.0
hsapiens,baseline,50kb,100x,,,,,,,,,,25.0,248956422.0,156040895.0
hsapiens,baseline,50x,100x,0.09082059582151901,0.0,0.0,0.028737109762591,9309.0,,,,,25.0,248956422.0,156040895.0
hsapiens,baseline,60x,100x,0.097942474614816,0.0,0.0,0.03092898861841,7858.0,,,,,25.0,248956422.0,156040895.0
hsapiens,baseline,70x,100x,0.151169168616399,0.0,0.0,0.038465662656654,5323.0,,,,,25.0,248956422.0,156040895.0
hsapiens,baseline,80x,100x,0.17236599090967,0.0,0.0,0.04155158650244,4031.0,,,,,25.0,248956422.0,156040895.0
hsapiens,baseline,90x,100x,0.23058395683502203,0.0,0.0,0.040901163206366005,3308.0,,,,,25.0,248956422.0,156040895.0
ltarentolae,baseline,100kb,1000x,0.11268933863099201,0.017267479234537,0.017267479234537,0.098253930508192,309.0,,339,100000,100000,37.0,2677755.0,1086296.0
ltarentolae,baseline,100kb,100x,0.11268933863099201,0.017267479234537,0.017267479234537,0.098253930508192,309.0,,339,100000,100000,37.0,2677755.0,1086296.0
ltarentolae,baseline,100kb,10x,0.11268933863099201,0.017267479234537,0.017267479234537,0.098253930508192,309.0,,339,100000,100000,37.0,2677755.0,1086296.0
ltarentolae,baseline,100kb,1x,0.11268933863099201,0.017267479234537,0.017267479234537,0.098253930508192,309.0,,339,100000,100000,37.0,2677755.0,1086296.0
ltarentolae,baseline,100kb,500x,0.11268933863099201,0.017267479234537,0.017267479234537,0.098253930508192,309.0,,339,100000,100000,37.0,2677755.0,1086296.0
ltarentolae,baseline,100kb,50x,0.11268933863099201,0.017267479234537,0.017267479234537,0.098253930508192,309.0,,339,100000,100000,37.0,2677755.0,1086296.0
ltarentolae,baseline,100kb,5x,0.11268933863099201,0.017267479234537,0.017267479234537,0.098253930508192,309.0,,339,100000,100000,37.0,2677755.0,1086296.0
ltarentolae,baseline,100x,100x,0.54464809626288,0.0,0.0,0.363627620181778,159.0,,347,1172104,332478,37.0,2677755.0,1086296.0
ltarentolae,baseline,10kb,100x,0.011589380003562001,0.002340203633556,0.002340203633556,0.012027173997200002,3205.0,,3241,10000,10000,37.0,2677755.0,1086296.0
ltarentolae,baseline,10x,100x,0.17461471891000002,0.0,0.0,0.11709930411378601,418.0,,467,28498,9250,37.0,2677755.0,1086296.0
ltarentolae,baseline,1mb,100x,0.822445066876594,0.259095710800096,0.259095710800096,0.727917465495571,19.0,,49,1000000,773419,37.0,2677755.0,1086296.0
ltarentolae,baseline,20x,100x,0.11517827453468901,0.0,0.0,0.050825832573202,1215.0,,1276,171995,18595,37.0,2677755.0,1086296.0
ltarentolae,baseline,30x,100x,0.177074535039619,0.0,0.0,0.088603971556899,930.0,,1009,460018,41537,37.0,2677755.0,1086296.0
ltarentolae,baseline,40x,100x,0.18569902012557002,0.0,0.0,0.09063501988632701,944.0,,1025,540785,40610,37.0,2677755.0,1086296.0
ltarentolae,baseline,500kb,100x,0.540708127197787,0.08792580030265701,0.08792580030265701,0.42273823958502404,54.0,,84,500000,500000,37.0,2677755.0,1086296.0
ltarentolae,baseline,50kb,100x,0.056837416913980005,0.009955396448875001,0.009955396448875001,0.048548326649397004,635.0,,665,50000,50000,37.0,2677755.0,1086296.0
ltarentolae,baseline,50x,1000x,0.32415913917458705,0.0,0.0,0.20780332493646403,547.0,,658,1164181,94577,37.0,2677755.0,1086296.0
ltarentolae,baseline,50x,100x,0.32415913917458705,0.0,0.0,0.20780332493646403,547.0,,658,1164181,94577,37.0,2677755.0,1086296.0
ltarentolae,baseline,50x,10x,0.32415913917458705,0.0,0.0,0.20780332493646403,547.0,,658,1164181,94577,37.0,2677755.0,1086296.0
ltarentolae,baseline,50x,1x,0.32415913917458705,0.0,0.0,0.20780332493646403,547.0,,658,1164181,94577,37.0,2677755.0,1086296.0
ltarentolae,baseline,50x,500x,0.32415913917458705,0.0,0.0,0.20780332493646403,547.0,,658,1164181,94577,37.0,2677755.0,1086296.0
ltarentolae,baseline,50x,50x,0.32415913917458705,0.0,0.0,0.20780332493646403,547.0,,658,1164181,94577,37.0,2677755.0,1086296.0
ltarentolae,baseline,50x,5x,0.32415913917458705,0.0,0.0,0.20780332493646403,547.0,,658,1164181,94577,37.0,2677755.0,1086296.0
ltarentolae,baseline,60x,100x,0.433281870036669,0.0,0.0,0.28227697675663305,283.0,,413,1169591,213275,37.0,2677755.0,1086296.0
ltarentolae,baseline,70x,100x,0.281493842889862,0.0,0.0,0.156030568995879,685.0,,821,1162441,71335,37.0,2677755.0,1086296.0
ltarentolae,baseline,80x,100x,0.33942229569612503,0.0,0.0,0.182850033406732,423.0,,565,771166,117224,37.0,2677755.0,1086296.0
ltarentolae,baseline,90x,100x,0.40940739349457805,0.0,0.0,0.26075858004692404,263.0,,428,771489,229090,37.0,2677755.0,1086296.0
scerevisiae,baseline,100kb,1000x,0.138666154483324,0.0,0.0,0.108697095237723,112.0,,129,100000,100000,17.0,1531933.0,924431.0
scerevisiae,baseline,100kb,100x,0.138666154483324,0.0,0.0,0.108697095237723,112.0,,129,100000,100000,17.0,1531933.0,924431.0
scerevisiae,baseline,100kb,10x,0.138666154483324,0.0,0.0,0.108697095237723,112.0,,129,100000,100000,17.0,1531933.0,924431.0
scerevisiae,baseline,100kb,1x,0.138666154483324,0.0,0.0,0.108697095237723,112.0,,129,100000,100000,17.0,1531933.0,924431.0
scerevisiae,baseline,100kb,500x,0.138666154483324,0.0,0.0,0.108697095237723,112.0,,129,100000,100000,17.0,1531933.0,924431.0
scerevisiae,baseline,100kb,50x,0.138666154483324,0.0,0.0,0.108697095237723,112.0,,129,100000,100000,17.0,1531933.0,924431.0
scerevisiae,baseline,100kb,5x,0.138666154483324,0.0,0.0,0.108697095237723,112.0,,129,100000,100000,17.0,1531933.0,924431.0
scerevisiae,baseline,100x,100x,0.9869774870821201,0.0,0.0,0.98605338537508,1.0,,32,1560229,930538,17.0,1531933.0,924431.0
scerevisiae,baseline,10kb,100x,0.014251090206097002,0.0,0.0,0.011941864448814002,1204.0,,1225,10000,10000,17.0,1531933.0,924431.0
scerevisiae,baseline,10x,100x,0.12185346665422801,0.0,0.0,0.065831677412681,375.0,,393,80437,21825,17.0,1531933.0,924431.0
scerevisiae,baseline,1mb,100x,0.934824861675538,0.0,0.0,0.8028995801220761,4.0,,21,1000000,813184,17.0,1531933.0,924431.0
scerevisiae,baseline,20x,1000x,0.40511140798910705,0.0,0.0,0.237658407648337,95.0,,121,620710,176516,17.0,1531933.0,924431.0
scerevisiae,baseline,20x,100x,0.40511140798910705,0.0,0.0,0.237658407648337,95.0,,121,620710,176516,17.0,1531933.0,924431.0
scerevisiae,baseline,20x,10x,0.40511140798910705,0.0,0.0,0.237658407648337,95.0,,121,620710,176516,17.0,1531933.0,924431.0
scerevisiae,baseline,20x,1x,0.40511140798910705,0.0,0.0,0.237658407648337,95.0,,121,620710,176516,17.0,1531933.0,924431.0
scerevisiae,baseline,20x,500x,0.40511140798910705,0.0,0.0,0.237658407648337,95.0,,121,620710,176516,17.0,1531933.0,924431.0
scerevisiae,baseline,20x,50x,0.40511140798910705,0.0,0.0,0.237658407648337,95.0,,121,620710,176516,17.0,1531933.0,924431.0
scerevisiae,baseline,20x,5x,0.40511140798910705,0.0,0.0,0.237658407648337,95.0,,121,620710,176516,17.0,1531933.0,924431.0
scerevisiae,baseline,30x,100x,0.7394731219632881,0.0,0.0,0.602064252446691,19.0,,53,930320,551752,17.0,1531933.0,924431.0
scerevisiae,baseline,40x,100x,0.782493489174315,0.0,0.0,0.6783126274719601,14.0,,35,1086800,568123,17.0,1531933.0,924431.0
scerevisiae,baseline,500kb,100x,0.6039814577565951,0.0,0.0,0.45240092110745106,17.0,,34,500000,500000,17.0,1531933.0,924431.0
scerevisiae,baseline,50kb,100x,0.069917961554169,0.0,0.0,0.05581530306763,233.0,,250,50000,50000,17.0,1531933.0,924431.0
scerevisiae,baseline,50x,100x,0.8225516073423541,0.0,0.0,0.7253609690074551,15.0,,44,1091841,614056,17.0,1531933.0,924431.0
scerevisiae,baseline,60x,100x,0.9255300389482071,0.0,0.0,0.8985920207190441,4.0,,24,1556283,813309,17.0,1531933.0,924431.0
scerevisiae,baseline,70x,100x,0.882535044816641,0.0,0.0,0.817518615375401,6.0,,34,1091802,777771,17.0,1531933.0,924431.0
scerevisiae,baseline,80x,100x,0.926648998609742,0.0,0.0,0.8613078177780521,5.0,,46,1542484,813629,17.0,1531933.0,924431.0
scerevisiae,baseline,90x,100x,0.9250244300011561,0.0,0.0,0.8277485384216131,5.0,,35,1539813,813427,17.0,1531933.0,924431.0
athaliana,hirise,100kb,1000x,0.437244941040131,0.9798029515847361,0.9798029515847361,0.9764103296660781,47.0,44770,28,48667790,23618056,7.0,30427671.0,23459830.0
athaliana,hirise,100kb,100x,0.48521722251251304,0.757252194339164,0.7505248973477541,0.7540781577566391,317.0,4726,97,20376502,7473000,7.0,30427671.0,23459830.0
athaliana,hirise,100kb,10x,0.455648581014497,0.962170878557236,0.958998630070058,0.9578819554086441,74.0,1270,53,24338289,7432830,7.0,30427671.0,23459830.0
athaliana,hirise,100kb,1x,0.013614110760382,0.025576170863839003,0.02473490673729,0.029250335131385002,1185.0,705,1182,504000,100000,7.0,30427671.0,23459830.0
athaliana,hirise,100kb,500x,0.36196451783523104,0.689591759084298,0.687909230831199,0.688119543208619,388.0,19986,89,22712501,16750056,7.0,30427671.0,23459830.0
athaliana,hirise,100kb,50x,0.502389478553267,0.9185560084054211,0.9177150962814951,0.916289659544932,122.0,2975,55,24315502,21843671,7.0,30427671.0,23459830.0
athaliana,hirise,100kb,5x,0.196691520550163,0.860088195704469,0.848500338340993,0.8516453935726531,202.0,908,181,5857000,1211000,7.0,30427671.0,23459830.0
athaliana,hirise,100x,100x,0.44649579862366806,0.181808384207393,0.104781103659231,0.389113376632,985.0,6506,2253,16321428,478751,7.0,30427671.0,23459830.0
athaliana,hirise,10kb,100x,0.5038164333973041,0.8776354000498681,0.866634715537629,0.8851034356513491,1413.0,10543,438,31870173,29752289,7.0,30427671.0,23459830.0
athaliana,hirise,10x,100x,0.359347484542447,0.6561493289876621,0.495146774733548,0.5889475394240421,1260.0,2826,344,10997971,4724409,7.0,30427671.0,23459830.0
athaliana,hirise,1mb,100x,0.8449215790708501,0.980176100097031,0.980176100097031,0.983362498307603,16.0,5233,8,27001502,18603056,7.0,30427671.0,23459830.0
athaliana,hirise,20x,1000x,0.491130132232854,0.545354843398699,0.505622877843479,0.561929481370745,1097.0,37215,692,39839299,12601771,7.0,30427671.0,23459830.0
athaliana,hirise,20x,100x,0.4833482488049,0.607033621305472,0.5588202518489921,0.616653123780185,1008.0,4919,701,26085421,14441810,7.0,30427671.0,23459830.0
athaliana,hirise,20x,10x,0.31688767241154303,0.49995310315574304,0.45170718343620103,0.49795276598265903,1409.0,1443,1381,11469482,2006887,7.0,30427671.0,23459830.0
athaliana,hirise,20x,1x,0.09157786184343601,0.0,0.0,0.071822697238147,1970.0,1171,2337,615667,86731,7.0,30427671.0,23459830.0
athaliana,hirise,20x,500x,0.47683830692014206,0.589112018338058,0.544141264126292,0.603322756737084,1029.0,19238,687,35524324,26954776,7.0,30427671.0,23459830.0
athaliana,hirise,20x,50x,0.587369016951034,0.6381725993146441,0.5819591667484181,0.634663825715126,1007.0,2993,724,26224940,13190551,7.0,30427671.0,23459830.0
athaliana,hirise,20x,5x,0.251512346251261,0.41325747507975,0.37484317578229803,0.423868641863742,1556.0,1203,1684,9246068,543485,7.0,30427671.0,23459830.0
athaliana,hirise,30x,100x,0.517113210674741,0.23052874741664603,0.188739080448968,0.32743903099841604,1156.0,5446,1480,21472515,4896301,7.0,30427671.0,23459830.0
athaliana,hirise,40x,100x,0.502787965009805,0.18845379837717302,0.14360267640072902,0.34161962550205305,1167.0,5992,1982,21581906,1478584,7.0,30427671.0,23459830.0
athaliana,hirise,500kb,100x,0.815931671645132,0.9876785143121721,0.983408927366444,0.969630922099978,22.0,5229,5,43612927,30487671,7.0,30427671.0,23459830.0
athaliana,hirise,50kb,100x,0.5160939806430911,0.861397794600102,0.8604526202187621,0.861227527031253,352.0,5730,138,16256501,8567000,7.0,30427671.0,23459830.0
athaliana,hirise,50x,100x,0.517699015798957,0.16297700154028702,0.10385122155053801,0.35261507145498705,1159.0,6124,2216,19948904,1200535,7.0,30427671.0,23459830.0
athaliana,hirise,60x,100x,0.45221248391949204,0.19278800046632702,0.117631033563071,0.38707486213479403,1062.0,5662,2266,11948183,445674,7.0,30427671.0,23459830.0
athaliana,hirise,70x,100x,0.45316511450518904,0.20169100210385102,0.13878222930842102,0.40035343004671703,1102.0,6232,2397,11806650,595807,7.0,30427671.0,23459830.0
athaliana,hirise,80x,100x,0.429086852493677,0.160578897543648,0.10240963043306,0.373440902901361,1111.0,5824,2362,9998388,497042,7.0,30427671.0,23459830.0
athaliana,hirise,90x,100x,0.46080886654623004,0.179919003456739,0.111427803538773,0.393161841623471,1013.0,6171,2295,14779548,465094,7.0,30427671.0,23459830.0
hsapiens,hirise,100kb,100x,0.28027055881421303,0.766077741624685,0.7635117831270091,0.7747228658206741,6893.0,235324,3432,77567000,15452000,25.0,248956422.0,156040895.0
hsapiens,hirise,100kb,10x,0.31846117806040103,0.85893489208849,0.847271927690821,0.858651721322309,4434.0,31164,3765,89283000,19088000,25.0,248956422.0,156040895.0
hsapiens,hirise,100kb,1x,0.020800482961279003,0.259742656863169,0.19373639671984202,0.211707243431413,23459.0,9234,21442,2726000,100000,25.0,248956422.0,156040895.0
hsapiens,hirise,100kb,50x,0.23341134653014403,0.7245000662181531,0.7212085686621491,0.7334495070800431,8106.0,129494,3493,71204000,12624000,25.0,248956422.0,156040895.0
hsapiens,hirise,100kb,5x,0.234381757890974,0.890876698561705,0.8439011808162741,0.871880167730941,4050.0,18012,3893,56761000,13230000,25.0,248956422.0,156040895.0
hsapiens,hirise,100x,100x,0.604232575176034,0.24374824059427103,0.23555493871761002,0.27025104960471,2412.0,220053,5755,137286887,68602216,25.0,248956422.0,156040895.0
hsapiens,hirise,10kb,100x,,,,,,,,,,25.0,248956422.0,156040895.0
hsapiens,hirise,10x,100x,0.149224957786136,0.32698832459639804,0.15100082015826102,0.20804608700276703,22401.0,24720,5106,5260894,1155511,25.0,248956422.0,156040895.0
hsapiens,hirise,1mb,100x,0.678666764695887,0.9698077946998551,0.9694635203287291,0.9667446834605761,248.0,150355,319,196491559,82427973,25.0,248956422.0,156040895.0
hsapiens,hirise,20x,100x,0.25249186683623404,0.48422888722280205,0.402522740284659,0.47647147437594006,33186.0,148921,4104,61975851,14793833,25.0,248956422.0,156040895.0
hsapiens,hirise,30x,100x,0.35679902922162204,0.5207966313395911,0.47273206433291903,0.547493411638017,23264.0,206923,5444,95771080,24858306,25.0,248956422.0,156040895.0
hsapiens,hirise,30x,10x,0.27824654508409,0.47823946629969805,0.38099581923681003,0.45107883510072705,28515.0,30711,10792,62656727,15524767,25.0,248956422.0,156040895.0
hsapiens,hirise,30x,1x,0.034084793506174,0.124709354911401,0.07658147480300201,0.09415806813413201,38218.0,7653,37224,4369018,148848,25.0,248956422.0,156040895.0
hsapiens,hirise,30x,50x,0.321851128763246,0.5014156915183631,0.440291261624262,0.507420361991894,25257.0,104605,6174,88555701,18779554,25.0,248956422.0,156040895.0
hsapiens,hirise,30x,5x,0.162774876536078,0.449237695520313,0.33416369336074303,0.395823382169442,30805.0,20396,15014,31676613,6388759,25.0,248956422.0,156040895.0
hsapiens,hirise,40x,100x,0.517355696091462,0.624629956369758,0.602072732344706,0.642913643876292,8715.0,202677,6335,133732963,49520648,25.0,248956422.0,156040895.0
hsapiens,hirise,500kb,100x,0.544135780998076,0.780338147345728,0.7757177732350381,0.779249683173843,1482.0,140486,896,127253000,52604000,25.0,248956422.0,156040895.0
hsapiens,hirise,50kb,100x,0.007602040437675,0.0020803299737660002,0.0020803299737660002,0.009551525204023002,58554.0,416325,61776,50000,50000,25.0,248956422.0,156040895.0
hsapiens,hirise,50x,100x,0.5533529588247671,0.575225381437234,0.558742741786263,0.5951205803423051,5686.0,201988,7195,136738125,58650328,25.0,248956422.0,156040895.0
hsapiens,hirise,60x,100x,0.546410975929112,0.6203054552889771,0.605813904463482,0.629768185780736,4683.0,203390,7532,133250352,59166539,25.0,248956422.0,156040895.0
hsapiens,hirise,70x,100x,0.6102479668566031,0.49972665079715006,0.48754430044801506,0.5117346468168871,3604.0,226624,8633,137420635,68552711,25.0,248956422.0,156040895.0
hsapiens,hirise,80x,100x,0.6112667088262931,0.35480170630060204,0.346363213753198,0.38067952338527705,2890.0,219175,7636,137618552,69540354,25.0,248956422.0,156040895.0
hsapiens,hirise,90x,100x,0.604607943811427,0.279151138475846,0.271271740534098,0.304644786286187,2563.0,210589,5818,137585930,77927254,25.0,248956422.0,156040895.0
ltarentolae,hirise,100kb,1000x,0.966580889525619,0.973516754590181,0.97013056601361,0.9685213958191231,22.0,12998,45,2703755,1009000,37.0,2677755.0,1086296.0
ltarentolae,hirise,100kb,100x,0.9654380972177861,0.9552965373377401,0.9552965373377401,0.9578501660383871,26.0,2062,48,2703755,1009000,37.0,2677755.0,1086296.0
ltarentolae,hirise,100kb,10x,0.9539655140839661,0.9669346812350431,0.9578752553863421,0.9602544030017641,24.0,740,51,2703755,1009000,37.0,2677755.0,1086296.0
ltarentolae,hirise,100kb,1x,0.126775275240956,0.036835602711768,0.036835602711768,0.118417871440972,303.0,590,329,654382,100000,37.0,2677755.0,1086296.0
ltarentolae,hirise,100kb,500x,0.9778431481511101,0.973516754590181,0.973516754590181,0.9742025522783291,20.0,5937,46,2703755,1009000,37.0,2677755.0,1086296.0
ltarentolae,hirise,100kb,50x,0.9437164573752511,0.966892709427636,0.963506520851065,0.9650288813480381,24.0,1260,49,2703755,884026,37.0,2677755.0,1086296.0
ltarentolae,hirise,100kb,5x,0.906261259443321,0.942207902632721,0.936534665360591,0.9406972622339631,31.0,2102,59,2703755,780419,37.0,2677755.0,1086296.0
ltarentolae,hirise,100x,100x,0.937237485785097,0.7605301745646981,0.692234169066757,0.808511230006938,69.0,2190,239,2658283,818203,37.0,2677755.0,1086296.0
ltarentolae,hirise,10kb,100x,0.874953215762398,0.8302123020969241,0.824956038943597,0.8455668953673711,518.0,2790,172,3879434,945000,37.0,2677755.0,1086296.0
ltarentolae,hirise,10x,100x,0.6301355793535011,0.45274386072891204,0.22750527359097003,0.37114921409052304,328.0,879,218,392333,98000,37.0,2677755.0,1086296.0
ltarentolae,hirise,1mb,100x,0.995040548423982,0.902681620101426,0.902681620101426,0.9586030959965991,9.0,1926,38,2679755,1000000,37.0,2677755.0,1086296.0
ltarentolae,hirise,20x,100x,0.877323806289736,0.67222252953251,0.492843842651687,0.6132816571084071,604.0,1772,124,2189715,568021,37.0,2677755.0,1086296.0
ltarentolae,hirise,30x,100x,0.9601750145044281,0.742541980522009,0.6711647656572071,0.7539980456745611,363.0,1966,133,2282616,817993,37.0,2677755.0,1086296.0
ltarentolae,hirise,40x,100x,0.935869059347839,0.7324635364702571,0.635705215735708,0.7379475954079671,356.0,1833,133,2291236,705790,37.0,2677755.0,1086296.0
ltarentolae,hirise,500kb,100x,0.9774932796561431,0.9441248788881301,0.9441248788881301,0.9584265858534871,12.0,1969,41,2682755,1001000,37.0,2677755.0,1086296.0
ltarentolae,hirise,50kb,100x,0.907561023492209,0.9541541987253951,0.9513933772328911,0.9601600966858511,42.0,1933,56,3709434,1019000,37.0,2677755.0,1086296.0
ltarentolae,hirise,50x,1000x,0.933341335786632,0.6353511006943271,0.598653968764506,0.711282113113697,227.0,11171,171,2462714,736855,37.0,2677755.0,1086296.0
ltarentolae,hirise,50x,100x,0.953450679733529,0.6851694372086371,0.5954046135487231,0.718466326552749,227.0,1772,173,2469372,948015,37.0,2677755.0,1086296.0
ltarentolae,hirise,50x,10x,0.904121905853913,0.6201887748821261,0.499272960466047,0.6329671936640231,326.0,735,244,2434076,775142,37.0,2677755.0,1086296.0
ltarentolae,hirise,50x,1x,0.32453038424971103,0.0,0.0,0.208174570011587,546.0,834,658,1164181,94577,37.0,2677755.0,1086296.0
ltarentolae,hirise,50x,500x,0.9294323624028221,0.6735817949542411,0.6238993245118141,0.730283720161876,212.0,5626,177,2435352,736855,37.0,2677755.0,1086296.0
ltarentolae,hirise,50x,50x,0.9501265064760791,0.684247085198874,0.601346153402958,0.7158380779509921,225.0,1421,171,2509861,948015,37.0,2677755.0,1086296.0
ltarentolae,hirise,50x,5x,0.8061832457557211,0.48603994936064104,0.390687611126643,0.528488701110277,412.0,688,383,2283787,658985,37.0,2677755.0,1086296.0
ltarentolae,hirise,60x,100x,0.9416193977323851,0.8420735489455781,0.7945177181625621,0.867383440090806,97.0,2310,179,2644004,819495,37.0,2677755.0,1086296.0
ltarentolae,hirise,70x,100x,0.9125108413585621,0.714926433355623,0.6572091953014321,0.7535266282609221,276.0,1766,201,2498873,776757,37.0,2677755.0,1086296.0
ltarentolae,hirise,80x,100x,0.9567436943996601,0.7298820956331581,0.6801005009144281,0.7594012500339321,159.0,2002,191,2506975,840372,37.0,2677755.0,1086296.0
ltarentolae,hirise,90x,100x,0.938401747485583,0.783475867610077,0.755444594774579,0.830294308847749,85.0,1724,223,2586002,795056,37.0,2677755.0,1086296.0
scerevisiae,hirise,100kb,1000x,0.90830555864226,0.9939912306242821,0.9939912306242821,0.986418723865591,2.0,4434,17,2190117,933431,17.0,1531933.0,924431.0
scerevisiae,hirise,100kb,100x,0.90830555864226,0.9939912306242821,0.9939912306242821,0.986418723865591,2.0,910,17,2190117,933431,17.0,1531933.0,924431.0
scerevisiae,hirise,100kb,10x,0.905853988140894,0.9833871725246531,0.9833871725246531,0.976967296079124,4.0,595,19,2190117,933431,17.0,1531933.0,924431.0
scerevisiae,hirise,100kb,1x,0.138666154483324,0.0,0.0,0.108697095237723,112.0,548,129,100000,100000,17.0,1531933.0,924431.0
scerevisiae,hirise,100kb,500x,0.90830555864226,0.9939912306242821,0.9939912306242821,0.986418723865591,2.0,2789,17,2190117,933431,17.0,1531933.0,924431.0
scerevisiae,hirise,100kb,50x,0.90830555864226,0.9939912306242821,0.9939912306242821,0.986418723865591,2.0,743,17,2190117,933431,17.0,1531933.0,924431.0
scerevisiae,hirise,100kb,5x,0.88136542375837,0.9372432494439881,0.9372432494439881,0.9440647259359851,8.0,567,25,1546933,706000,17.0,1531933.0,924431.0
scerevisiae,hirise,100x,100x,0.9869774870821201,0.0,0.0,0.98605338537508,1.0,1169,32,1560229,930538,17.0,1531933.0,924431.0
scerevisiae,hirise,10kb,100x,0.8828310353200731,0.9511730279068891,0.9470104982743601,0.9509282246331081,62.0,1211,60,1660000,868000,17.0,1531933.0,924431.0
scerevisiae,hirise,10x,100x,0.7162979288598721,0.9158921943218681,0.8322153029484101,0.8614788342221891,63.0,937,39,535351,369540,17.0,1531933.0,924431.0
scerevisiae,hirise,1mb,100x,1,1,1,1,0,1146,17,1532933,924431,17.0,1531933.0,924431.0
scerevisiae,hirise,20x,1000x,0.9004586858303321,0.9495585177957241,0.9495585177957241,0.946907800748307,12.0,5219,33,1517992,797367,17.0,1531933.0,924431.0
scerevisiae,hirise,20x,100x,0.9580089408043361,0.9445829162250591,0.9445829162250591,0.9585032335983221,10.0,1309,34,1508272,797367,17.0,1531933.0,924431.0
scerevisiae,hirise,20x,10x,0.8942877150142731,0.8642908318569781,0.8642908318569781,0.897986294856246,19.0,691,42,1508272,720871,17.0,1531933.0,924431.0
scerevisiae,hirise,20x,1x,0.40511140798910705,0.0,0.0,0.237658407648337,95.0,643,121,620710,176516,17.0,1531933.0,924431.0
scerevisiae,hirise,20x,500x,0.9565948264240761,0.9066947609366991,0.9066947609366991,0.9288695354777311,13.0,2896,35,1508272,797367,17.0,1531933.0,924431.0
scerevisiae,hirise,20x,50x,0.9310007813557991,0.9280681344310101,0.9280681344310101,0.9388842207970861,14.0,1086,34,1517992,784588,17.0,1531933.0,924431.0
scerevisiae,hirise,20x,5x,0.772180162673861,0.7239945723208381,0.6851627737613161,0.7764144256321851,39.0,697,55,902318,590476,17.0,1531933.0,924431.0
scerevisiae,hirise,30x,100x,0.9944407370723681,0.823860027223801,0.823860027223801,0.92973280877457,4.0,1138,37,1540089,930320,17.0,1531933.0,924431.0
scerevisiae,hirise,40x,100x,0.92870652031509,0.8702653082154501,0.8702653082154501,0.9155225629822391,4.0,1188,23,1591679,810310,17.0,1531933.0,924431.0
scerevisiae,hirise,500kb,100x,1,1,1,1,0,1239,17,1534933,925431,17.0,1531933.0,924431.0
scerevisiae,hirise,50kb,100x,0.9043225380135821,0.990040556071856,0.990040556071856,0.9864836241851981,4.0,1175,19,2212117,942431,17.0,1531933.0,924431.0
scerevisiae,hirise,50x,100x,0.857605203959191,0.553943121114295,0.553943121114295,0.796199183446694,11.0,1226,38,2037802,816545,17.0,1531933.0,924431.0
scerevisiae,hirise,60x,100x,0.9477316634608871,0.30570419449763503,0.30570419449763503,0.929592865340762,3.0,1461,23,1556283,813309,17.0,1531933.0,924431.0
scerevisiae,hirise,70x,100x,0.8611375648768591,0.577354988468888,0.577354988468888,0.8455324696065311,4.0,1198,31,2184402,812706,17.0,1531933.0,924431.0
scerevisiae,hirise,80x,100x,0.9474424178256591,0.213334501637981,0.213334501637981,0.8908956453534551,4.0,1427,45,1542484,813629,17.0,1531933.0,924431.0
scerevisiae,hirise,90x,100x,0.9461605628570301,0.17454244201868602,0.17454244201868602,0.8578137291667921,4.0,1281,34,1539813,813427,17.0,1531933.0,924431.0
athaliana,lachesis,100kb,1000x,0.9858050253104601,0.9829716573404681,0.98044786496082,0.9794106550229451,39.0,798,15,30630671,23390830,7.0,30427671.0,23459830.0
athaliana,lachesis,100kb,100x,0.9858050253104601,0.9798914528675211,0.9782256237073341,0.9774049218219261,43.0,93,15,30630671,23390830,7.0,30427671.0,23459830.0
athaliana,lachesis,100kb,10x,0.9866318112151421,0.9761565387944071,0.9728081813811221,0.9743722934955,45.0,17,14,30731671,23390830,7.0,30427671.0,23459830.0
athaliana,lachesis,100kb,1x,0.9845205709854731,0.6788377998345261,0.609012877330936,0.642024990335444,448.0,10,15,30428671,23390830,7.0,30427671.0,23459830.0
athaliana,lachesis,100kb,500x,0.9858050253104601,0.979511542194292,0.9786702780677421,0.9763570027834081,44.0,355,15,30630671,23390830,7.0,30427671.0,23459830.0
athaliana,lachesis,100kb,50x,0.9858050253104601,0.9793464861726631,0.9776639579195641,0.975363016107983,44.0,57,15,30630671,23390830,7.0,30427671.0,23459830.0
athaliana,lachesis,100kb,5x,0.9866318112151421,0.969035036059777,0.964046150504911,0.9660534022457921,56.0,10,14,30731671,23390830,7.0,30427671.0,23459830.0
athaliana,lachesis,100x,100x,0.446083816468113,0.510095415255808,0.306969469382725,0.25759114284003004,1933.0,147,249,69191633,50072788,7.0,30427671.0,23459830.0
athaliana,lachesis,10kb,100x,0.767271741591919,0.9099889245554791,0.905554962675655,0.9080578164306061,1138.0,227,528,44295830,28959671,7.0,30427671.0,23459830.0
athaliana,lachesis,10x,100x,0.7885157197008491,0.6447827852798931,0.48135446871825704,0.533963387202795,1381.0,43,284,12483339,10212104,7.0,30427671.0,23459830.0
athaliana,lachesis,1mb,100x,0.9679558384475451,0.9636851005530951,0.9636851005530951,0.9552067411436551,16.0,74,9,30457671,21480830,7.0,30427671.0,23459830.0
athaliana,lachesis,20x,1000x,0.762074348986403,0.6709572526163441,0.556782672107727,0.5790814351705901,1152.0,736,136,29378715,27312889,7.0,30427671.0,23459830.0
athaliana,lachesis,20x,100x,0.7805440305079031,0.6739879131331841,0.5384611347825841,0.565774494696555,1190.0,91,137,30431042,24447328,7.0,30427671.0,23459830.0
athaliana,lachesis,20x,10x,0.643722677056606,0.512125499246314,0.38527560055604604,0.412101217764751,1532.0,19,161,36763818,27756972,7.0,30427671.0,23459830.0
athaliana,lachesis,20x,1x,0.339808079780245,0.17689154793219,0.09032974348089601,0.188372036975289,1927.0,7,313,43887256,31390560,7.0,30427671.0,23459830.0
athaliana,lachesis,20x,500x,0.7890583048945451,0.689523766875009,0.565260167448973,0.586157702253956,1150.0,368,137,29679241,23052318,7.0,30427671.0,23459830.0
athaliana,lachesis,20x,50x,0.798587824166693,0.6483122772376461,0.522716068267118,0.539877743828114,1271.0,54,146,29239487,23304749,7.0,30427671.0,23459830.0
athaliana,lachesis,20x,5x,0.49091408355367305,0.424597514331062,0.315990356117113,0.362593218722424,1659.0,19,202,47409820,25649146,7.0,30427671.0,23459830.0
athaliana,lachesis,30x,100x,0.6206100820603201,0.5392775557402211,0.33138075012534,0.320658541556673,1681.0,104,102,37837082,33710862,7.0,30427671.0,23459830.0
athaliana,lachesis,40x,100x,0.536079793286815,0.499172254624463,0.31215199420912504,0.268775430487439,2023.0,130,93,49602880,37139628,7.0,30427671.0,23459830.0
athaliana,lachesis,500kb,100x,0.9803943404934861,0.9791968976911011,0.9791968976911011,0.975980304811588,16.0,76,9,30487671,23004830,7.0,30427671.0,23459830.0
athaliana,lachesis,50kb,100x,0.984677892290814,0.9734919540975071,0.9718141234814871,0.972230160125721,88.0,109,29,30729671,23775830,7.0,30427671.0,23459830.0
athaliana,lachesis,50x,100x,0.46184567091680906,0.49363135372808903,0.322029901000062,0.26344734179761303,2147.0,147,119,63416053,51619602,7.0,30427671.0,23459830.0
athaliana,lachesis,60x,100x,0.45381866144347505,0.516114052404125,0.327015808562291,0.271861659203373,2066.0,153,161,62280175,49035104,7.0,30427671.0,23459830.0
athaliana,lachesis,70x,100x,0.41919583619036005,0.508592631352016,0.317188508542847,0.257138535908776,2196.0,140,197,71925065,48598396,7.0,30427671.0,23459830.0
athaliana,lachesis,80x,100x,0.335309747634153,0.544978053824207,0.327413669249559,0.275201284607116,2101.0,147,198,116772827,116772827,7.0,30427671.0,23459830.0
athaliana,lachesis,90x,100x,0.429702328443724,0.528423145228426,0.3277855650088,0.26915898976219205,2053.0,160,206,76430460,50075940,7.0,30427671.0,23459830.0
hsapiens,lachesis,100kb,100x,0.96276325314038,0.9576728042631151,0.955419723415982,0.9572199370868121,1518.0,4520,1905,242695529,146853000,25.0,248956422.0,156040895.0
hsapiens,lachesis,100kb,10x,0.965653538160102,0.9367050984991101,0.9323222150371451,0.9415212825985221,1981.0,1015,2080,241786529,146247000,25.0,248956422.0,156040895.0
hsapiens,lachesis,100kb,1x,0.9231737098386791,0.573098095266743,0.423791367719184,0.48619690512329905,15394.0,370,2358,241281529,146348000,25.0,248956422.0,156040895.0
hsapiens,lachesis,100kb,50x,0.9692398052786291,0.9567496359820511,0.9545529749075571,0.9570858909273261,1526.0,2791,1950,242190529,146853000,25.0,248956422.0,156040895.0
hsapiens,lachesis,100kb,5x,0.9595343577555681,0.8736883801880511,0.8496914595733901,0.879375002307324,3819.0,718,2134,242493529,146247000,25.0,248956422.0,156040895.0
hsapiens,lachesis,100x,100x,,,,,,984,,,,25.0,248956422.0,156040895.0
hsapiens,lachesis,10kb,100x,,,,,,22367,,,,25.0,248956422.0,156040895.0
hsapiens,lachesis,10x,100x,0.53637367432102,0.313919313416748,0.15644789562507203,0.18353644655206,23399.0,725,10092,30133795,14212162,25.0,248956422.0,156040895.0
hsapiens,lachesis,1mb,100x,0.9663786911869441,0.9791959949915171,0.9782357123816431,0.9755047832839061,216.0,2010,185,241424529,145223636,25.0,248956422.0,156040895.0
hsapiens,lachesis,20x,100x,0.9347524750586701,0.732242188092457,0.644196430394669,0.6850598008060801,23474.0,5243,7650,151010290,94806039,25.0,248956422.0,156040895.0
hsapiens,lachesis,30x,100x,0.9470428024988761,0.7995398599442031,0.755938125554883,0.7854966651964971,14999.0,4635,5747,200332800,127200833,25.0,248956422.0,156040895.0
hsapiens,lachesis,30x,10x,0.913948146872894,0.5751894266080351,0.47305535836542106,0.5257821954766141,25389.0,1466,6381,200875111,121721466,25.0,248956422.0,156040895.0
hsapiens,lachesis,30x,1x,0.245220600479811,0.21364485931801802,0.115940791051702,0.15582156423333202,36478.0,587,7873,149230809,112046786,25.0,248956422.0,156040895.0
hsapiens,lachesis,30x,50x,0.9462996816980891,0.75836741795794,0.702759766161628,0.7403739899464841,16940.0,3113,5853,200123170,126521001,25.0,248956422.0,156040895.0
hsapiens,lachesis,30x,5x,0.884255079537778,0.46805240160335404,0.34688335166577905,0.39814993542353205,29610.0,1105,6896,201654887,125054405,25.0,248956422.0,156040895.0
hsapiens,lachesis,40x,100x,0.894980189706399,0.7732895933953541,0.7475123081460131,0.76698132517603,6557.0,2832,3149,230075532,156688926,25.0,248956422.0,156040895.0
hsapiens,lachesis,500kb,100x,0.9664908791045341,0.9746150996805271,0.972474444664408,0.9718126661234131,341.0,2306,387,240663529,145368636,25.0,248956422.0,156040895.0
hsapiens,lachesis,50kb,100x,0.9642552595885661,0.946199296340526,0.9445583591020751,0.949954127133483,3259.0,7449,4134,242912000,147797000,25.0,248956422.0,156040895.0
hsapiens,lachesis,50x,100x,0.7013123465261271,0.5992608612807411,0.545141324075009,0.5772798144741881,5656.0,2219,3560,227579761,150255260,25.0,248956422.0,156040895.0
hsapiens,lachesis,60x,100x,0.660975586160871,0.5926056570736681,0.53437018332608,0.557719644251769,5521.0,2143,3816,242830024,138505206,25.0,248956422.0,156040895.0
hsapiens,lachesis,70x,100x,,,,,,1112,,,,25.0,248956422.0,156040895.0
hsapiens,lachesis,80x,100x,,,,,,1043,,,,25.0,248956422.0,156040895.0
hsapiens,lachesis,90x,100x,,,,,,1027,,,,25.0,248956422.0,156040895.0
ltarentolae,lachesis,100kb,1000x,0.934579357275466,0.9719028801836451,0.969022131044956,0.9674141577457611,22.0,182,42,1859103,1009000,37.0,2677755.0,1086296.0
ltarentolae,lachesis,100kb,100x,0.9437186573000741,0.975289068760216,0.9724083196215271,0.972901689901531,20.0,15,42,1972669,1009000,37.0,2677755.0,1086296.0
ltarentolae,lachesis,100kb,10x,0.9135184463425511,0.9636781159571831,0.9546186901084821,0.9563297986515151,27.0,4,42,1972669,894018,37.0,2677755.0,1086296.0
ltarentolae,lachesis,100kb,1x,0.842715776352409,0.828719961798374,0.69386425677495,0.73791368672621,102.0,3,42,1972669,908000,37.0,2677755.0,1086296.0
ltarentolae,lachesis,100kb,500x,0.944258738617006,0.980264514152372,0.9773837650136831,0.975266407584449,18.0,63,41,1972669,1009000,37.0,2677755.0,1086296.0
ltarentolae,lachesis,100kb,50x,0.9344090505958911,0.9748905651575821,0.972009816018893,0.9703415635738921,20.0,11,42,1972669,1009000,37.0,2677755.0,1086296.0
ltarentolae,lachesis,100kb,5x,0.941996948996569,0.964249603003251,0.9551901771545501,0.9529870602362891,27.0,14,41,2073669,894018,37.0,2677755.0,1086296.0
ltarentolae,lachesis,100x,100x,0.9089350565060401,0.7123404324211701,0.625117676597969,0.621445706577299,141.0,71,127,2685093,840024,37.0,2677755.0,1086296.0
ltarentolae,lachesis,10kb,100x,0.8892968840597331,0.874312959926354,0.8693140007496051,0.8738440455305551,429.0,56,247,2111000,934000,37.0,2677755.0,1086296.0
ltarentolae,lachesis,10x,100x,,,,,,4,,,,37.0,2677755.0,1086296.0
ltarentolae,lachesis,1mb,100x,,,,,,18,,,,37.0,2677755.0,1086296.0
ltarentolae,lachesis,20x,100x,0.7980664908059001,0.625185776617403,0.49502821357903704,0.5479612790240831,749.0,18,373,1254485,607669,37.0,2677755.0,1086296.0
ltarentolae,lachesis,30x,100x,0.8466871724044941,0.8026684853437641,0.743069550217453,0.7643646831655571,362.0,41,185,1752263,863273,37.0,2677755.0,1086296.0
ltarentolae,lachesis,40x,100x,0.9011018455467971,0.8210569665213571,0.739937428678172,0.767888024739072,363.0,58,192,1760323,791545,37.0,2677755.0,1086296.0
ltarentolae,lachesis,500kb,100x,,,,,,16,,,,37.0,2677755.0,1086296.0
ltarentolae,lachesis,50kb,100x,0.939851624599161,0.9703849999909551,0.962152007796172,0.9671808124537211,36.0,29,47,1937000,1019000,37.0,2677755.0,1086296.0
ltarentolae,lachesis,50x,1000x,0.9087370537325911,0.781885698994021,0.731042541842849,0.717808809046514,196.0,159,130,1656238,911708,37.0,2677755.0,1086296.0
ltarentolae,lachesis,50x,100x,0.8834620052858511,0.7712328189622081,0.7018114087981671,0.6889693376092111,212.0,17,133,1656238,820046,37.0,2677755.0,1086296.0
ltarentolae,lachesis,50x,10x,0.791066359709065,0.65206888093674,0.5315236190561761,0.6154524371276431,301.0,4,157,1646800,911708,37.0,2677755.0,1086296.0
ltarentolae,lachesis,50x,1x,0.5402202681841111,0.32309792606916105,0.14530713725004202,0.34455415122021205,497.0,13,212,2063749,807610,37.0,2677755.0,1086296.0
ltarentolae,lachesis,50x,500x,0.911404057308358,0.771500709830889,0.7229686619733271,0.7044617126926751,193.0,73,131,1656238,911708,37.0,2677755.0,1086296.0
ltarentolae,lachesis,50x,50x,0.8684756965704171,0.743086012137332,0.6659611296358311,0.666107240388081,227.0,9,136,1656238,959109,37.0,2677755.0,1086296.0
ltarentolae,lachesis,50x,5x,0.784337672382135,0.5604714217650171,0.393517795739912,0.510080585290921,379.0,3,172,1881445,798477,37.0,2677755.0,1086296.0
ltarentolae,lachesis,60x,100x,0.864000705056954,0.8686652869545131,0.8026647427904061,0.717804547469961,118.0,55,104,1941599,849676,37.0,2677755.0,1086296.0
ltarentolae,lachesis,70x,100x,0.8872687543951181,0.8130205909386191,0.7681078382120661,0.736590364321658,242.0,16,174,1788935,956428,37.0,2677755.0,1086296.0
ltarentolae,lachesis,80x,100x,0.8616887152697911,0.8350975430293731,0.791947778774821,0.7770720009563471,166.0,60,123,1688937,863010,37.0,2677755.0,1086296.0
ltarentolae,lachesis,90x,100x,0.8772749715814401,0.7884731753433141,0.72491489493917,0.7080512741504551,141.0,52,121,2658316,837561,37.0,2677755.0,1086296.0
scerevisiae,lachesis,100kb,1000x,0.812629460512822,0.9376613133870991,0.9376613133870991,0.932718315750336,11.0,41,19,1101291,807000,17.0,1531933.0,924431.0
scerevisiae,lachesis,100kb,100x,0.8308422933349031,0.9468900980032321,0.9468900980032321,0.938808005688854,10.0,5,19,1101291,800861,17.0,1531933.0,924431.0
scerevisiae,lachesis,100kb,10x,0.8308422933349031,0.9468900980032321,0.9468900980032321,0.938808005688854,10.0,3,19,1101291,800861,17.0,1531933.0,924431.0
scerevisiae,lachesis,100kb,1x,0.6605908146745241,0.802739158646775,0.77743669215257,0.7819863775133961,31.0,5,18,1425044,807000,17.0,1531933.0,924431.0
scerevisiae,lachesis,100kb,500x,0.8296254357167511,0.9524808034358391,0.946472034060121,0.935755675384888,10.0,16,19,1115124,807000,17.0,1531933.0,924431.0
scerevisiae,lachesis,100kb,50x,0.847838268538832,0.9557008186762541,0.9557008186762541,0.957069425656848,7.0,4,19,1115124,800861,17.0,1531933.0,924431.0
scerevisiae,lachesis,100kb,5x,0.744074934192221,0.9099749595387011,0.9099749595387011,0.9032819491153521,15.0,3,19,1546933,800861,17.0,1531933.0,924431.0
scerevisiae,lachesis,100x,100x,,,,,,9,,,,17.0,1531933.0,924431.0
scerevisiae,lachesis,10kb,100x,0.8006893080263301,0.907431459891134,0.9065989539646281,0.90784528882493,115.0,29,93,1209000,813000,17.0,1531933.0,924431.0
scerevisiae,lachesis,10x,100x,0.6512291399262441,0.806660067471439,0.7303619457728161,0.7718352668809241,108.0,21,52,783217,459760,17.0,1531933.0,924431.0
scerevisiae,lachesis,1mb,100x,,,,,,4,,,,17.0,1531933.0,924431.0
scerevisiae,lachesis,20x,1000x,0.705760235537727,0.7918848485349931,0.7918848485349931,0.7838873164139261,29.0,49,33,1252259,779974,17.0,1531933.0,924431.0
scerevisiae,lachesis,20x,100x,0.7163847467941931,0.7952279619455771,0.7952279619455771,0.774620625127438,29.0,30,34,1139870,779199,17.0,1531933.0,924431.0
scerevisiae,lachesis,20x,10x,0.6748336590752111,0.7722105315982931,0.761716170974658,0.7617501724665471,29.0,24,36,1178713,779199,17.0,1531933.0,924431.0
scerevisiae,lachesis,20x,1x,0.43893469494771004,0.420104729459891,0.36302704944136105,0.48931230968799805,64.0,19,38,1364790,811620,17.0,1531933.0,924431.0
scerevisiae,lachesis,20x,500x,0.707289101455235,0.7918848485349931,0.7918848485349931,0.783613249817227,29.0,37,34,1252259,779974,17.0,1531933.0,924431.0
scerevisiae,lachesis,20x,50x,0.726212488873887,0.7882631255080901,0.7882631255080901,0.7926609104436271,26.0,19,35,1139870,779199,17.0,1531933.0,924431.0
scerevisiae,lachesis,20x,5x,0.6955082245308181,0.7358954753851481,0.701173808582477,0.7610111243499671,33.0,14,34,1195331,910764,17.0,1531933.0,924431.0
scerevisiae,lachesis,30x,100x,,,,,,8,,,,17.0,1531933.0,924431.0
scerevisiae,lachesis,40x,100x,,,,,,9,,,,17.0,1531933.0,924431.0
scerevisiae,lachesis,500kb,100x,,,,,,8,,,,17.0,1531933.0,924431.0
scerevisiae,lachesis,50kb,100x,0.7716897131464661,0.9626066091521551,0.9626066091521551,0.9526880782883751,14.0,17,20,1126124,815000,17.0,1531933.0,924431.0
scerevisiae,lachesis,50x,100x,,,,,,9,,,,17.0,1531933.0,924431.0
scerevisiae,lachesis,60x,100x,,,,,,9,,,,17.0,1531933.0,924431.0
scerevisiae,lachesis,70x,100x,,,,,,7,,,,17.0,1531933.0,924431.0
scerevisiae,lachesis,80x,100x,,,,,,7,,,,17.0,1531933.0,924431.0
scerevisiae,lachesis,90x,100x,,,,,,9,,,,17.0,1531933.0,924431.0
athaliana,salsa,100kb,1000x,0.511500287141043,0.9762733458952301,0.974116377340251,0.975307541351708,23.0,6998,18,13366000,8125056,7.0,30427671.0,23459830.0
athaliana,salsa,100kb,100x,0.387105970557204,0.852665064181891,0.8453018662637031,0.848109605392365,202.0,819,165,12145056,6431500,7.0,30427671.0,23459830.0
athaliana,salsa,100kb,10x,0.261125408351344,0.9314070352800471,0.92885572597841,0.9292991198518761,56.0,120,43,5125000,2512000,7.0,30427671.0,23459830.0
athaliana,salsa,100kb,1x,0.006081657814569001,0.012284912738868002,0.012284912738868002,0.016864346129938,1200.0,8,1199,100000,100000,7.0,30427671.0,23459830.0
athaliana,salsa,100kb,500x,0.321033511648313,0.8388536971836761,0.8323344923064531,0.834798845287803,223.0,4086,174,23803056,6331000,7.0,30427671.0,23459830.0
athaliana,salsa,100kb,50x,0.384523423718986,0.8468370982510791,0.8403178933738561,0.8419075927772881,215.0,367,173,12145056,6431500,7.0,30427671.0,23459830.0
athaliana,salsa,100kb,5x,0.15205339126634002,0.39863024947457504,0.39116837686229206,0.43292979263601705,71.0,32,60,401500,200500,7.0,30427671.0,23459830.0
athaliana,salsa,100x,100x,0.232816252415038,0.23720703421192002,0.15399740203238402,0.38099766772681204,1271.0,1830,1422,4141071,798317,7.0,30427671.0,23459830.0
athaliana,salsa,10kb,100x,0.042765297558277,0.686859020754068,0.6707305868088761,0.677069325935013,3900.0,1007,3250,1858000,199000,7.0,30427671.0,23459830.0
athaliana,salsa,10x,100x,0.047094996486347004,0.23161053589503003,0.197664749157086,0.217667100169527,2189.0,320,1978,422043,40818,7.0,30427671.0,23459830.0
athaliana,salsa,1mb,100x,0.8762379694908201,0.9808199010865031,0.9808199010865031,0.98231970992726,1.0,775,6,12981502,8589056,7.0,30427671.0,23459830.0
athaliana,salsa,20x,1000x,0.18463556051697502,0.512139187965403,0.440043657801777,0.49012760131683003,1338.0,7427,963,5086139,821625,7.0,30427671.0,23459830.0
athaliana,salsa,20x,100x,0.19908400560344802,0.49605475638538404,0.42187886036146005,0.47641185170516104,1378.0,776,1025,6505418,662583,7.0,30427671.0,23459830.0
athaliana,salsa,20x,10x,0.101717467027037,0.175745779667959,0.14668929047449902,0.20950209513339002,1863.0,122,1987,2112564,126531,7.0,30427671.0,23459830.0
athaliana,salsa,20x,1x,0.091635532970036,0.0,0.0,0.071920183193867,1969.0,14,2338,615667,86731,7.0,30427671.0,23459830.0
athaliana,salsa,20x,500x,0.19252005440298803,0.509423550728305,0.43756466404131006,0.48520119854049104,1339.0,3729,969,5482969,859834,7.0,30427671.0,23459830.0
athaliana,salsa,20x,50x,0.17044717824938702,0.46039980623314203,0.39344570272046203,0.450596210938336,1450.0,427,1148,5817623,563081,7.0,30427671.0,23459830.0
athaliana,salsa,20x,5x,0.09441639987233601,0.04868493386079201,0.041124419849628,0.107597627962495,1953.0,68,2255,829286,96696,7.0,30427671.0,23459830.0
athaliana,salsa,30x,100x,0.24141198254190502,0.30507068740918203,0.22187914710216403,0.35616108662386103,1310.0,1049,1188,7461107,800848,7.0,30427671.0,23459830.0
athaliana,salsa,40x,100x,0.240296496885075,0.265736830183611,0.180020483745778,0.34901090305729904,1373.0,1274,1365,6704640,704155,7.0,30427671.0,23459830.0
athaliana,salsa,500kb,100x,0.653952979395476,0.9653129100187471,0.9653129100187471,0.960027060376838,6.0,692,9,13488502,8435671,7.0,30427671.0,23459830.0
athaliana,salsa,50kb,100x,0.31352669908162,0.850505996238031,0.846930737292741,0.8496167613482051,385.0,742,315,11867000,4327556,7.0,30427671.0,23459830.0
athaliana,salsa,50x,100x,0.22347330442076102,0.218047538806376,0.13935729821942902,0.34461429216493605,1421.0,1393,1447,4970414,684165,7.0,30427671.0,23459830.0
athaliana,salsa,60x,100x,0.223558635173556,0.22194825841277302,0.12890912636269,0.358987086709588,1388.0,1498,1423,3644551,652885,7.0,30427671.0,23459830.0
athaliana,salsa,70x,100x,0.21589223933519802,0.28509786114248603,0.17332219187810502,0.37194393430715905,1492.0,1477,1467,3348503,698351,7.0,30427671.0,23459830.0
athaliana,salsa,80x,100x,0.237088539278131,0.25400226508441603,0.163695707149348,0.383140455124846,1377.0,1554,1479,4832213,713805,7.0,30427671.0,23459830.0
athaliana,salsa,90x,100x,0.22850114935297802,0.24490014764581902,0.16052271217913702,0.37489627876181003,1332.0,1566,1431,4390971,656248,7.0,30427671.0,23459830.0
hsapiens,salsa,100kb,100x,0.14706686859575402,0.8763476567024711,0.8693223397299731,0.871981238619955,4041.0,27249,4022,30752500,6833500,25.0,248956422.0,156040895.0
hsapiens,salsa,100kb,10x,0.047067195269187005,0.569228037147525,0.5552952764562681,0.56481685356236,13081.0,3401,13082,7738000,602500,25.0,248956422.0,156040895.0
hsapiens,salsa,100kb,1x,0.008240222935062,0.004273105994692,0.0041701756604040005,0.011572270853030002,29342.0,769,30864,301000,100000,25.0,248956422.0,156040895.0
hsapiens,salsa,100kb,50x,0.150559102901923,0.8809763714035831,0.8734330818303341,0.8768334451648421,3899.0,13285,3944,39094000,6632500,25.0,248956422.0,156040895.0
hsapiens,salsa,100kb,5x,0.011644036533961,0.112029824429259,0.107341293111677,0.11415167841139601,26329.0,1468,27333,904000,100000,25.0,248956422.0,156040895.0
hsapiens,salsa,100x,100x,0.675946396717619,0.19077900660159403,0.18872065082472703,0.27754588666545404,2993.0,19457,4561,184648769,84630319,25.0,248956422.0,156040895.0
hsapiens,salsa,10kb,100x,0.015581925661283,0.49817673473525403,0.49502861740796605,0.499958895969756,147298.0,60687,153955,1721500,41500,25.0,248956422.0,156040895.0
hsapiens,salsa,10x,100x,0.025686286469599,0.01775926955231,0.013133788013284001,0.029665658555404,26518.0,3910,26143,806053,19233,25.0,248956422.0,156040895.0
hsapiens,salsa,1mb,100x,0.18201217623030402,0.776982873568265,0.766488293213837,0.773723243320631,887.0,21019,682,32016000,10657613,25.0,248956422.0,156040895.0
hsapiens,salsa,20x,100x,0.029040516353313003,0.40804501476555305,0.38561545826512406,0.39605968419127,39454.0,19228,35054,2332022,166346,25.0,248956422.0,156040895.0
hsapiens,salsa,30x,100x,0.06616935871521,0.49702294932873803,0.48512702889088005,0.49473957547590003,26515.0,23219,23498,15631002,765506,25.0,248956422.0,156040895.0
hsapiens,salsa,30x,10x,0.040364444703812,0.18642372642486002,0.17382433764197303,0.18736664382620102,37114.0,2613,37388,6118046,144136,25.0,248956422.0,156040895.0
hsapiens,salsa,30x,1x,0.020624926008053,0.00045505410697300005,0.000345698013331,0.014578196003128001,39458.0,581,41656,894945,105850,25.0,248956422.0,156040895.0
hsapiens,salsa,30x,50x,0.057119363825051006,0.449752105472475,0.43671431835467706,0.44662886658224504,29235.0,11305,26617,7212009,662016,25.0,248956422.0,156040895.0
hsapiens,salsa,30x,5x,0.026840252101515003,0.066988966850548,0.060834401920839005,0.07448349707149901,38867.0,1507,40283,3558899,111000,25.0,248956422.0,156040895.0
hsapiens,salsa,40x,100x,0.19413102714306002,0.5441623796192201,0.5324652098053251,0.552244926865874,10349.0,21529,10550,51956141,6541808,25.0,248956422.0,156040895.0
hsapiens,salsa,500kb,100x,0.20180311861319403,0.8564622672898901,0.84868386119127,0.849952218281625,1067.0,21902,966,66566000,10510000,25.0,248956422.0,156040895.0
hsapiens,salsa,50kb,100x,0.170396878751433,0.9034825452864551,0.8997665980327081,0.901371883619676,6138.0,29210,6948,45601000,8382500,25.0,248956422.0,156040895.0
hsapiens,salsa,50x,100x,0.35146636875778503,0.48494879697674503,0.47868261269299106,0.5078977245110801,6525.0,20321,8453,108738836,19789174,25.0,248956422.0,156040895.0
hsapiens,salsa,60x,100x,0.377403757170785,0.528420340868997,0.520472834055766,0.551926761767443,5618.0,20155,8210,96615610,25169263,25.0,248956422.0,156040895.0
hsapiens,salsa,70x,100x,0.54311767558529,0.41452882845826805,0.40987985016487904,0.46202814080112503,4142.0,19873,8183,172273626,47504451,25.0,248956422.0,156040895.0
hsapiens,salsa,80x,100x,0.668665667562892,0.31292517189156505,0.308816384809807,0.39291535272750605,3385.0,19374,6737,184133883,71615599,25.0,248956422.0,156040895.0
hsapiens,salsa,90x,100x,0.739263872886325,0.230730147278977,0.22792296049597002,0.321728727043184,3054.0,19410,4704,209292110,100658643,25.0,248956422.0,156040895.0
ltarentolae,salsa,100kb,1000x,0.8882680337555571,0.9745441411352561,0.968556191496819,0.9673749022374921,22.0,1737,45,3659103,1105000,37.0,2677755.0,1086296.0
ltarentolae,salsa,100kb,100x,0.885164831520829,0.966174227935459,0.9635724668735941,0.962807671252465,24.0,164,48,3659103,1091296,37.0,2677755.0,1086296.0
ltarentolae,salsa,100kb,10x,0.11268933863099201,0.017267479234537,0.017267479234537,0.098253930508192,309.0,17,339,100000,100000,37.0,2677755.0,1086296.0
ltarentolae,salsa,100kb,1x,0.11268933863099201,0.017267479234537,0.017267479234537,0.098253930508192,309.0,14,339,100000,100000,37.0,2677755.0,1086296.0
ltarentolae,salsa,100kb,500x,0.8882680337555571,0.9695604165120301,0.9635724668735941,0.962807671252465,24.0,765,47,3659103,1105000,37.0,2677755.0,1086296.0
ltarentolae,salsa,100kb,50x,0.8711992562685321,0.971955501554125,0.9659675519156881,0.959638696646372,25.0,114,43,3659103,1198121,37.0,2677755.0,1086296.0
ltarentolae,salsa,100kb,5x,0.11268933863099201,0.017267479234537,0.017267479234537,0.098253930508192,309.0,14,339,100000,100000,37.0,2677755.0,1086296.0
ltarentolae,salsa,100x,100x,0.8170108432455361,0.6251749852567621,0.567966031542247,0.68248920799449,137.0,169,177,3603141,746337,37.0,2677755.0,1086296.0
ltarentolae,salsa,10kb,100x,0.44750577230734706,0.776592697282059,0.7390368275362681,0.7584666761231581,798.0,258,535,1018000,291993,37.0,2677755.0,1086296.0
ltarentolae,salsa,10x,100x,0.17461471891000002,0.0,0.0,0.11709930411378601,418.0,15,467,28498,9250,37.0,2677755.0,1086296.0
ltarentolae,salsa,1mb,100x,0.9477404909695121,0.9997324688569211,0.9997324688569211,0.9598066574673271,10.0,132,34,2678755,1193121,37.0,2677755.0,1086296.0
ltarentolae,salsa,20x,100x,0.30742165891406104,0.33158055702779904,0.26314157902712304,0.30799516120213605,1022.0,206,887,794689,47741,37.0,2677755.0,1086296.0
ltarentolae,salsa,30x,100x,0.5762699026340881,0.516333270773893,0.464985183322321,0.5132741217464011,632.0,172,515,1631356,361086,37.0,2677755.0,1086296.0
ltarentolae,salsa,40x,100x,0.5877289421208031,0.52013357590493,0.47819210491720504,0.527004947069538,628.0,178,508,1026182,352101,37.0,2677755.0,1086296.0
ltarentolae,salsa,500kb,100x,0.805748547213833,0.975262906951289,0.975262906951289,0.916665071103517,15.0,162,33,3644603,1456761,37.0,2677755.0,1086296.0
ltarentolae,salsa,50kb,100x,0.8318275967895551,0.9429703778771451,0.9369919198178821,0.936216936427519,58.0,209,63,3673434,1161000,37.0,2677755.0,1086296.0
ltarentolae,salsa,50x,1000x,0.7185174454013931,0.596584042881892,0.553575448051152,0.6503872199321981,306.0,1754,241,3129019,663318,37.0,2677755.0,1086296.0
ltarentolae,salsa,50x,100x,0.7195897944352121,0.581569150583454,0.533262263005249,0.64086675479536,336.0,195,262,3305954,676692,37.0,2677755.0,1086296.0
ltarentolae,salsa,50x,10x,0.323598433563052,0.0,0.0,0.20724261932492902,548.0,9,658,1164181,94577,37.0,2677755.0,1086296.0
ltarentolae,salsa,50x,1x,0.32415913917458705,0.0,0.0,0.20780332493646403,547.0,11,658,1164181,94577,37.0,2677755.0,1086296.0
ltarentolae,salsa,50x,500x,0.7045717313247031,0.6000207110514061,0.5637365894660511,0.652112107686181,305.0,867,243,3460526,646717,37.0,2677755.0,1086296.0
ltarentolae,salsa,50x,50x,0.700452587794775,0.5356913304406711,0.49828858511262203,0.5970632510992201,367.0,109,318,2980267,616714,37.0,2677755.0,1086296.0
ltarentolae,salsa,50x,5x,0.323598433563052,0.0,0.0,0.20724261932492902,548.0,11,658,1164181,94577,37.0,2677755.0,1086296.0
ltarentolae,salsa,60x,100x,0.801128716476819,0.7174268112477401,0.662645831756223,0.7061867492655001,168.0,201,165,3430767,837968,37.0,2677755.0,1086296.0
ltarentolae,salsa,70x,100x,0.762710172677953,0.5508275644338431,0.515707399602491,0.571101033857057,420.0,180,343,2131515,703268,37.0,2677755.0,1086296.0
ltarentolae,salsa,80x,100x,0.7797075943298271,0.532138117776893,0.506584553455387,0.580333587021399,269.0,196,236,1764632,637641,37.0,2677755.0,1086296.0
ltarentolae,salsa,90x,100x,0.8301631311586881,0.633223831821471,0.5899437348373421,0.66008043674245,185.0,190,156,2893046,831370,37.0,2677755.0,1086296.0
scerevisiae,salsa,100kb,1000x,0.6793966048570561,0.97415838790852,0.97415838790852,0.9283927382382561,11.0,405,14,2731572,1095940,17.0,1531933.0,924431.0
scerevisiae,salsa,100kb,100x,0.7241168649343711,0.9557008186762541,0.9557008186762541,0.9119414531666871,13.0,38,16,1639368,1095940,17.0,1531933.0,924431.0
scerevisiae,salsa,100kb,10x,0.138666154483324,0.0,0.0,0.108697095237723,112.0,7,129,100000,100000,17.0,1531933.0,924431.0
scerevisiae,salsa,100kb,1x,0.138666154483324,0.0,0.0,0.108697095237723,112.0,5,129,100000,100000,17.0,1531933.0,924431.0
scerevisiae,salsa,100kb,500x,0.6793966048570561,0.97415838790852,0.97415838790852,0.9283927382382561,11.0,199,14,2731572,1095940,17.0,1531933.0,924431.0
scerevisiae,salsa,100kb,50x,0.7241168649343711,0.9557008186762541,0.9557008186762541,0.9119414531666871,13.0,34,16,1639368,1095940,17.0,1531933.0,924431.0
scerevisiae,salsa,100kb,5x,0.138666154483324,0.0,0.0,0.108697095237723,112.0,14,129,100000,100000,17.0,1531933.0,924431.0
scerevisiae,salsa,100x,100x,0.8327869404393821,1.0,1.0,0.8234106110058951,8.0,39,24,1533618,1091628,17.0,1531933.0,924431.0
scerevisiae,salsa,10kb,100x,0.5273970887893841,0.8823237471524651,0.877461246536931,0.8770354455275331,153.0,82,93,1459000,482500,17.0,1531933.0,924431.0
scerevisiae,salsa,10x,100x,0.23932644889875201,0.29801508548696204,0.26023886001439,0.31539916984660904,297.0,42,280,214784,48133,17.0,1531933.0,924431.0
scerevisiae,salsa,1mb,100x,0.8708669534923651,0.319662770241099,0.319662770241099,0.737116196660306,7.0,50,16,1532433,983936,17.0,1531933.0,924431.0
scerevisiae,salsa,20x,1000x,0.610018140432668,0.7603567743006211,0.7603567743006211,0.73036501234825,41.0,631,30,3518186,888785,17.0,1531933.0,924431.0
scerevisiae,salsa,20x,100x,0.590709229273608,0.742566620738764,0.742566620738764,0.7101908168066801,41.0,49,33,3486225,815930,17.0,1531933.0,924431.0
scerevisiae,salsa,20x,10x,0.40511140798910705,0.0,0.0,0.237658407648337,95.0,10,121,620710,176516,17.0,1531933.0,924431.0
scerevisiae,salsa,20x,1x,0.40511140798910705,0.0,0.0,0.237658407648337,95.0,10,121,620710,176516,17.0,1531933.0,924431.0
scerevisiae,salsa,20x,500x,0.6819680712142421,0.8094403063547331,0.8094403063547331,0.7611714087855821,37.0,312,30,3527970,1084955,17.0,1531933.0,924431.0
scerevisiae,salsa,20x,50x,0.686572478881423,0.748008079169118,0.748008079169118,0.714556836209507,42.0,33,38,1597402,888785,17.0,1531933.0,924431.0
scerevisiae,salsa,20x,5x,0.40511140798910705,0.0,0.0,0.237658407648337,95.0,7,121,620710,176516,17.0,1531933.0,924431.0
scerevisiae,salsa,30x,100x,0.623858243843746,0.682050525340933,0.682050525340933,0.635334022792005,17.0,58,27,2630496,1182347,17.0,1531933.0,924431.0
scerevisiae,salsa,40x,100x,0.7723759939468261,0.7833838673326791,0.7833838673326791,0.7331384835297641,10.0,59,15,2041389,1100400,17.0,1531933.0,924431.0
scerevisiae,salsa,500kb,100x,0.6096628033568491,0.9177903026931891,0.9177903026931891,0.7805291638099691,9.0,44,12,2688139,1906124,17.0,1531933.0,924431.0
scerevisiae,salsa,50kb,100x,0.718102544822737,0.9424599051143421,0.9424599051143421,0.9177054487890001,24.0,59,19,1767000,976316,17.0,1531933.0,924431.0
scerevisiae,salsa,50x,100x,0.543057382721143,0.5146698124107391,0.5146698124107391,0.576565023914259,18.0,56,24,2553670,1908248,17.0,1531933.0,924431.0
scerevisiae,salsa,60x,100x,0.8383362790900311,1.0,1.0,0.841455869633137,4.0,41,16,1556283,1091928,17.0,1531933.0,924431.0
scerevisiae,salsa,70x,100x,0.798938813062494,0.6336451869809121,0.6336451869809121,0.8064629788593211,6.0,44,25,1548789,1091600,17.0,1531933.0,924431.0
scerevisiae,salsa,80x,100x,0.695159120934497,0.381129995562326,0.381129995562326,0.760033307543678,11.0,38,33,2634792,1019382,17.0,1531933.0,924431.0
scerevisiae,salsa,90x,100x,0.8131145422800481,0.222801254383191,0.222801254383191,0.707003436927583,11.0,41,25,1539813,1091493,17.0,1531933.0,924431.0
